Datetime,Open,High,Low,Close,Volume
2021-01-04 00:00:00,1904.78,1918.69,1903.05,1916.67,27128.0
2021-01-04 04:00:00,1916.73,1925.25,1915.53,1921.65,29941.0
2021-01-04 08:00:00,1921.65,1935.18,1921.47,1932.06,32944.0
2021-01-04 12:00:00,1932.05,1942.08,1927.91,1939.92,44659.0
2021-01-04 16:00:00,1940.02,1944.42,1929.35,1937.03,70700.0
2021-01-04 20:00:00,1937.03,1944.12,1936.27,1942.71,28353.0
2021-01-05 00:00:00,1942.35,1945.62,1934.31,1937.51,21813.0
2021-01-05 04:00:00,1937.54,1943.96,1936.68,1938.49,29402.0
2021-01-05 08:00:00,1938.5,1948.3,1936.97,1945.6,35786.0
2021-01-05 12:00:00,1945.6,1951.88,1943.53,1949.43,40079.0
2021-01-05 16:00:00,1949.4,1952.57,1939.05,1950.13,60946.0
2021-01-05 20:00:00,1950.1,1953.03,1947.66,1949.77,23472.0
2021-01-06 00:00:00,1950.25,1955.36,1946.66,1948.05,28271.0
2021-01-06 04:00:00,1948.1,1950.01,1941.28,1943.76,39114.0
2021-01-06 08:00:00,1943.75,1957.89,1943.21,1957.66,38629.0
2021-01-06 12:00:00,1957.64,1959.33,1925.1,1932.86,59706.0
2021-01-06 16:00:00,1932.82,1938.12,1900.89,1907.58,78157.0
2021-01-06 20:00:00,1907.57,1924.25,1906.04,1918.24,47073.0
2021-01-07 00:00:00,1919.02,1924.65,1915.64,1918.06,25757.0
2021-01-07 04:00:00,1918.06,1921.13,1914.7,1920.81,29841.0
2021-01-07 08:00:00,1920.8,1927.65,1915.14,1915.78,46162.0
2021-01-07 12:00:00,1915.83,1921.12,1908.88,1913.32,52333.0
2021-01-07 16:00:00,1913.32,1919.8,1906.81,1911.22,67260.0
2021-01-07 20:00:00,1911.31,1918.08,1910.38,1913.65,26127.0
2021-01-08 00:00:00,1914.34,1917.49,1910.37,1910.85,22292.0
2021-01-08 04:00:00,1910.84,1912.67,1906.55,1908.1,28157.0
2021-01-08 08:00:00,1908.1,1911.64,1876.99,1891.94,48807.0
2021-01-08 12:00:00,1891.92,1894.5,1876.4,1891.27,54393.0
2021-01-08 16:00:00,1891.2,1892.76,1839.5,1844.03,96740.0
2021-01-08 20:00:00,1844.09,1849.92,1828.18,1848.9,56496.0
2021-01-11 00:00:00,1849.3,1856.6,1816.64,1828.87,34789.0
2021-01-11 04:00:00,1828.82,1842.11,1826.41,1840.58,41183.0
2021-01-11 08:00:00,1840.55,1855.44,1838.92,1848.45,53210.0
2021-01-11 12:00:00,1848.49,1852.4,1831.84,1834.48,52816.0
2021-01-11 16:00:00,1834.48,1850.68,1829.06,1848.61,72228.0
2021-01-11 20:00:00,1848.61,1851.68,1843.1,1843.13,31895.0
2021-01-12 00:00:00,1843.55,1848.49,1841.23,1846.16,24941.0
2021-01-12 04:00:00,1846.16,1858.23,1845.13,1858.13,34083.0
2021-01-12 08:00:00,1858.15,1863.43,1853.82,1862.69,40193.0
2021-01-12 12:00:00,1862.69,1863.78,1842.82,1844.36,46854.0
2021-01-12 16:00:00,1844.38,1848.23,1836.61,1839.5,64417.0
2021-01-12 20:00:00,1839.44,1857.3,1839.44,1854.46,36397.0
2021-01-13 00:00:00,1854.3,1863.02,1853.75,1862.15,20460.0
2021-01-13 04:00:00,1862.2,1862.42,1857.27,1858.36,23575.0
2021-01-13 08:00:00,1858.36,1862.7,1849.43,1855.33,36935.0
2021-01-13 12:00:00,1855.31,1859.21,1849.66,1858.1,45264.0
2021-01-13 16:00:00,1858.1,1861.19,1851.91,1855.75,53570.0
2021-01-13 20:00:00,1855.85,1859.11,1841.85,1844.96,29324.0
2021-01-14 00:00:00,1845.52,1852.17,1844.65,1849.21,16563.0
2021-01-14 04:00:00,1849.22,1849.23,1827.87,1844.44,35698.0
2021-01-14 08:00:00,1844.53,1845.21,1836.11,1841.31,38059.0
2021-01-14 12:00:00,1841.32,1844.75,1836.65,1843.87,46049.0
2021-01-14 16:00:00,1843.95,1855.97,1841.34,1855.54,66454.0
2021-01-14 20:00:00,1855.66,1857.52,1843.76,1846.31,34187.0
2021-01-15 00:00:00,1846.63,1855.62,1845.36,1852.22,20656.0
2021-01-15 04:00:00,1852.2,1854.03,1847.33,1849.91,26929.0
2021-01-15 08:00:00,1849.93,1857.0,1846.72,1855.22,40198.0
2021-01-15 12:00:00,1855.16,1855.88,1836.49,1838.62,45183.0
2021-01-15 16:00:00,1838.61,1845.47,1823.4,1831.49,76032.0
2021-01-15 20:00:00,1831.48,1832.43,1825.15,1827.71,33164.0
2021-01-18 00:00:00,1828.12,1830.24,1802.55,1825.25,35803.0
2021-01-18 04:00:00,1825.18,1839.99,1824.53,1838.47,38098.0
2021-01-18 08:00:00,1838.5,1840.77,1829.95,1831.69,42234.0
2021-01-18 12:00:00,1831.73,1838.41,1829.6,1835.19,38051.0
2021-01-18 16:00:00,1835.2,1839.28,1832.58,1837.28,34179.0
2021-01-18 20:00:00,1837.27,1837.72,1837.27,1837.56,7.0
2021-01-19 00:00:00,1837.75,1843.61,1836.02,1840.6,20188.0
2021-01-19 04:00:00,1840.64,1841.94,1836.24,1837.67,24491.0
2021-01-19 08:00:00,1837.65,1845.08,1836.62,1843.29,34684.0
2021-01-19 12:00:00,1843.28,1845.47,1833.03,1840.01,40281.0
2021-01-19 16:00:00,1839.96,1843.56,1833.4,1842.66,58278.0
2021-01-19 20:00:00,1842.73,1842.88,1837.08,1839.99,20808.0
2021-01-20 00:00:00,1839.47,1847.4,1839.45,1846.36,17916.0
2021-01-20 04:00:00,1846.38,1851.76,1846.34,1851.34,25212.0
2021-01-20 08:00:00,1851.34,1857.37,1850.51,1854.67,36706.0
2021-01-20 12:00:00,1854.66,1855.21,1832.51,1848.87,50704.0
2021-01-20 16:00:00,1848.87,1870.41,1848.64,1863.65,75619.0
2021-01-20 20:00:00,1863.65,1871.72,1863.21,1871.61,28454.0
2021-01-21 00:00:00,1870.15,1872.34,1866.96,1868.98,20287.0
2021-01-21 04:00:00,1868.97,1874.76,1867.95,1874.15,28948.0
2021-01-21 08:00:00,1874.3,1875.11,1866.12,1871.73,41997.0
2021-01-21 12:00:00,1871.71,1872.5,1859.82,1860.95,51903.0
2021-01-21 16:00:00,1860.86,1868.12,1858.32,1864.84,63179.0
2021-01-21 20:00:00,1864.87,1871.49,1864.61,1869.67,23299.0
2021-01-22 00:00:00,1869.92,1870.8,1862.96,1864.42,18014.0
2021-01-22 04:00:00,1864.44,1865.31,1859.87,1862.36,27737.0
2021-01-22 08:00:00,1862.36,1863.9,1857.13,1858.88,40908.0
2021-01-22 12:00:00,1858.95,1859.17,1837.32,1843.22,61438.0
2021-01-22 16:00:00,1843.22,1858.37,1838.2,1855.61,66851.0
2021-01-22 20:00:00,1855.68,1858.01,1852.5,1855.34,23964.0
2021-01-25 00:00:00,1855.28,1859.99,1852.8,1854.91,23882.0
2021-01-25 04:00:00,1854.89,1856.61,1851.2,1853.27,26696.0
2021-01-25 08:00:00,1853.27,1856.55,1849.65,1855.91,39318.0
2021-01-25 12:00:00,1855.91,1867.86,1854.51,1864.93,50656.0
2021-01-25 16:00:00,1864.92,1866.33,1847.1,1858.19,76118.0
2021-01-25 20:00:00,1858.18,1858.89,1853.54,1855.87,26591.0
2021-01-26 00:00:00,1855.6,1858.77,1853.21,1858.3,15409.0
2021-01-26 04:00:00,1858.3,1861.69,1854.32,1857.22,25217.0
2021-01-26 08:00:00,1857.21,1857.34,1850.04,1852.71,39258.0
2021-01-26 12:00:00,1852.67,1860.04,1848.36,1857.41,42611.0
2021-01-26 16:00:00,1857.36,1858.23,1849.94,1852.65,58486.0
2021-01-26 20:00:00,1852.52,1853.63,1849.51,1850.76,20021.0
2021-01-27 00:00:00,1849.8,1851.61,1843.27,1846.11,17261.0
2021-01-27 04:00:00,1846.11,1851.18,1844.4,1851.08,23939.0
2021-01-27 08:00:00,1851.08,1853.1,1844.35,1845.62,35369.0
2021-01-27 12:00:00,1845.59,1847.73,1837.51,1843.11,53314.0
2021-01-27 16:00:00,1843.11,1850.59,1831.38,1845.61,74016.0
2021-01-27 20:00:00,1845.68,1849.07,1839.21,1843.8,40828.0
2021-01-28 00:00:00,1843.9,1844.94,1833.99,1836.0,25962.0
2021-01-28 04:00:00,1836.1,1839.3,1835.32,1836.94,27457.0
2021-01-28 08:00:00,1836.93,1841.6,1834.12,1840.9,42857.0
2021-01-28 12:00:00,1840.89,1858.21,1837.55,1857.01,53534.0
2021-01-28 16:00:00,1856.97,1864.03,1837.66,1839.28,91175.0
2021-01-28 20:00:00,1839.27,1844.98,1834.96,1842.66,40252.0
2021-01-29 00:00:00,1841.83,1845.33,1839.57,1843.08,25595.0
2021-01-29 04:00:00,1843.08,1846.26,1841.0,1845.89,30603.0
2021-01-29 08:00:00,1845.92,1854.08,1842.26,1851.52,59103.0
2021-01-29 12:00:00,1851.52,1873.96,1849.57,1872.32,72746.0
2021-01-29 16:00:00,1872.33,1875.64,1850.13,1852.06,91380.0
2021-01-29 20:00:00,1852.09,1853.58,1841.61,1847.68,48375.0
2021-02-01 00:00:00,1863.46,1866.97,1849.11,1852.29,45191.0
2021-02-01 04:00:00,1852.3,1863.89,1852.28,1859.75,47897.0
2021-02-01 08:00:00,1859.79,1871.8,1859.12,1861.65,68611.0
2021-02-01 12:00:00,1861.64,1869.5,1856.41,1864.07,63960.0
2021-02-01 16:00:00,1864.06,1869.24,1856.71,1864.85,88857.0
2021-02-01 20:00:00,1864.86,1866.69,1858.07,1860.49,43366.0
2021-02-02 00:00:00,1860.29,1864.06,1854.11,1862.74,26809.0
2021-02-02 04:00:00,1862.74,1863.52,1852.75,1856.3,38706.0
2021-02-02 08:00:00,1856.28,1857.19,1844.83,1850.22,55591.0
2021-02-02 12:00:00,1850.23,1853.49,1829.9,1837.91,60435.0
2021-02-02 16:00:00,1837.82,1840.64,1829.53,1835.1,77378.0
2021-02-02 20:00:00,1835.09,1838.77,1831.68,1837.95,32292.0
2021-02-03 00:00:00,1837.59,1841.69,1836.18,1841.64,22577.0
2021-02-03 04:00:00,1841.66,1844.96,1838.63,1839.12,28263.0
2021-02-03 08:00:00,1839.1,1840.28,1833.26,1835.6,39068.0
2021-02-03 12:00:00,1835.63,1842.31,1832.57,1838.21,47049.0
2021-02-03 16:00:00,1838.19,1840.78,1829.73,1835.93,63030.0
2021-02-03 20:00:00,1835.93,1836.23,1831.95,1834.0,24249.0
2021-02-04 00:00:00,1833.4,1834.72,1823.96,1827.05,18767.0
2021-02-04 04:00:00,1827.15,1827.15,1815.98,1817.59,37173.0
2021-02-04 08:00:00,1817.63,1827.2,1810.31,1814.35,50466.0
2021-02-04 12:00:00,1814.35,1819.52,1806.42,1808.33,49938.0
2021-02-04 16:00:00,1808.32,1808.71,1785.01,1789.49,76696.0
2021-02-04 20:00:00,1789.44,1795.92,1788.58,1793.64,32041.0
2021-02-05 00:00:00,1793.58,1797.67,1791.99,1796.61,19485.0
2021-02-05 04:00:00,1796.61,1799.09,1793.13,1797.83,23891.0
2021-02-05 08:00:00,1797.87,1811.31,1796.19,1807.74,37834.0
2021-02-05 12:00:00,1807.74,1809.03,1793.43,1799.79,48720.0
2021-02-05 16:00:00,1799.77,1815.15,1795.61,1811.84,70165.0
2021-02-05 20:00:00,1811.83,1814.29,1809.5,1814.23,28187.0
2021-02-08 00:00:00,1816.98,1818.85,1812.56,1815.41,25933.0
2021-02-08 04:00:00,1815.45,1815.94,1808.38,1812.96,26685.0
2021-02-08 08:00:00,1813.01,1817.86,1807.79,1813.78,40076.0
2021-02-08 12:00:00,1813.78,1831.48,1811.86,1829.72,52275.0
2021-02-08 16:00:00,1829.72,1839.18,1829.6,1832.74,64312.0
2021-02-08 20:00:00,1832.73,1834.71,1829.59,1830.33,27770.0
2021-02-09 00:00:00,1829.86,1838.55,1828.84,1836.92,20202.0
2021-02-09 04:00:00,1836.95,1843.3,1836.68,1840.1,31926.0
2021-02-09 08:00:00,1840.11,1848.58,1838.11,1846.52,44714.0
2021-02-09 12:00:00,1846.52,1847.43,1839.07,1846.89,47235.0
2021-02-09 16:00:00,1846.89,1847.54,1832.2,1837.89,67113.0
2021-02-09 20:00:00,1837.85,1838.7,1834.3,1838.16,21200.0
2021-02-10 00:00:00,1837.56,1840.18,1834.05,1839.63,16789.0
2021-02-10 04:00:00,1839.69,1845.44,1838.9,1842.73,23938.0
2021-02-10 08:00:00,1842.72,1846.98,1839.1,1839.44,37022.0
2021-02-10 12:00:00,1839.47,1855.37,1837.72,1851.35,45383.0
2021-02-10 16:00:00,1851.29,1853.72,1834.93,1842.25,71356.0
2021-02-10 20:00:00,1842.32,1846.3,1840.8,1843.29,27618.0
2021-02-11 00:00:00,1842.95,1844.29,1837.44,1838.62,11128.0
2021-02-11 04:00:00,1838.59,1838.78,1834.09,1836.99,21494.0
2021-02-11 08:00:00,1836.99,1845.89,1836.35,1842.6,35358.0
2021-02-11 12:00:00,1842.61,1847.55,1839.55,1843.44,30944.0
2021-02-11 16:00:00,1843.47,1844.38,1822.99,1826.59,66933.0
2021-02-11 20:00:00,1826.58,1827.35,1821.16,1825.42,29888.0
2021-02-12 00:00:00,1825.16,1827.89,1821.74,1823.53,10695.0
2021-02-12 04:00:00,1823.52,1824.31,1819.37,1823.93,15262.0
2021-02-12 08:00:00,1823.93,1823.99,1812.55,1817.8,37588.0
2021-02-12 12:00:00,1817.8,1821.84,1810.54,1815.64,44238.0
2021-02-12 16:00:00,1815.63,1830.68,1812.21,1819.56,65279.0
2021-02-12 20:00:00,1819.56,1824.83,1817.35,1824.26,26969.0
2021-02-15 00:00:00,1824.97,1826.99,1820.03,1826.97,17783.0
2021-02-15 04:00:00,1826.94,1827.0,1821.51,1824.93,21685.0
2021-02-15 08:00:00,1824.9,1825.05,1816.5,1818.16,35014.0
2021-02-15 12:00:00,1818.15,1824.23,1816.04,1817.85,29628.0
2021-02-15 16:00:00,1817.85,1820.84,1816.04,1818.79,26223.0
2021-02-16 00:00:00,1819.14,1825.52,1817.49,1824.83,16841.0
2021-02-16 04:00:00,1824.86,1826.44,1820.48,1821.13,26691.0
2021-02-16 08:00:00,1821.09,1825.51,1818.86,1824.08,38862.0
2021-02-16 12:00:00,1824.16,1825.62,1796.32,1796.81,58157.0
2021-02-16 16:00:00,1796.8,1814.27,1789.47,1796.61,86854.0
2021-02-16 20:00:00,1796.61,1800.75,1793.65,1794.4,30616.0
2021-02-17 00:00:00,1793.7,1794.58,1786.58,1791.03,23902.0
2021-02-17 04:00:00,1791.01,1795.14,1789.32,1792.06,25153.0
2021-02-17 08:00:00,1792.07,1793.91,1783.69,1785.97,48633.0
2021-02-17 12:00:00,1785.95,1793.44,1773.99,1778.73,55123.0
2021-02-17 16:00:00,1778.75,1785.05,1769.58,1775.92,84407.0
2021-02-17 20:00:00,1775.88,1777.26,1771.12,1776.17,37460.0
2021-02-18 00:00:00,1776.36,1782.99,1775.74,1780.73,26242.0
2021-02-18 04:00:00,1780.72,1785.77,1778.29,1783.84,33773.0
2021-02-18 08:00:00,1783.84,1788.98,1778.91,1787.42,47816.0
2021-02-18 12:00:00,1787.42,1789.61,1778.89,1786.11,55622.0
2021-02-18 16:00:00,1786.08,1786.15,1768.39,1776.0,80097.0
2021-02-18 20:00:00,1775.99,1776.87,1772.82,1775.58,32561.0
2021-02-19 00:00:00,1776.05,1777.23,1760.63,1767.11,35414.0
2021-02-19 04:00:00,1767.12,1773.68,1764.08,1772.51,40238.0
2021-02-19 08:00:00,1772.6,1777.56,1769.15,1770.92,51009.0
2021-02-19 12:00:00,1770.92,1784.28,1767.89,1783.24,53530.0
2021-02-19 16:00:00,1783.26,1791.58,1778.04,1783.12,79477.0
2021-02-19 20:00:00,1783.13,1784.2,1777.35,1784.08,32671.0
2021-02-22 00:00:00,1781.93,1789.72,1781.29,1786.7,33783.0
2021-02-22 04:00:00,1786.7,1790.37,1780.64,1789.48,42306.0
2021-02-22 08:00:00,1789.49,1799.22,1788.81,1797.42,59597.0
2021-02-22 12:00:00,1797.44,1802.57,1793.43,1797.42,55034.0
2021-02-22 16:00:00,1797.45,1812.64,1793.83,1809.12,79602.0
2021-02-22 20:00:00,1809.2,1810.65,1806.22,1809.44,34273.0
2021-02-23 00:00:00,1809.48,1814.22,1806.22,1813.19,24969.0
2021-02-23 04:00:00,1813.21,1815.97,1809.78,1812.67,30635.0
2021-02-23 08:00:00,1812.67,1814.68,1803.85,1804.13,52121.0
2021-02-23 12:00:00,1804.15,1812.82,1803.65,1809.64,54483.0
2021-02-23 16:00:00,1809.67,1810.82,1795.6,1806.73,88558.0
2021-02-23 20:00:00,1806.73,1807.73,1801.75,1805.75,38169.0
2021-02-24 00:00:00,1804.57,1813.6,1804.56,1812.01,26240.0
2021-02-24 04:00:00,1812.01,1813.91,1807.21,1809.51,35057.0
2021-02-24 08:00:00,1809.51,1810.11,1803.09,1804.32,50072.0
2021-02-24 12:00:00,1804.35,1810.24,1787.87,1790.53,58571.0
2021-02-24 16:00:00,1790.53,1804.38,1783.61,1798.32,90447.0
2021-02-24 20:00:00,1798.24,1805.69,1795.21,1805.03,40411.0
2021-02-25 00:00:00,1805.06,1805.35,1796.82,1796.95,24321.0
2021-02-25 04:00:00,1796.98,1801.1,1793.9,1800.73,36839.0
2021-02-25 08:00:00,1800.76,1801.21,1787.23,1794.44,59311.0
2021-02-25 12:00:00,1794.44,1795.25,1779.15,1781.25,71697.0
2021-02-25 16:00:00,1781.24,1788.93,1769.93,1773.17,104089.0
2021-02-25 20:00:00,1773.13,1779.5,1765.51,1769.91,83058.0
2021-02-26 00:00:00,1770.18,1773.11,1765.16,1771.21,41164.0
2021-02-26 04:00:00,1771.12,1775.76,1758.06,1760.57,48801.0
2021-02-26 08:00:00,1760.54,1770.14,1755.33,1763.16,75119.0
2021-02-26 12:00:00,1763.15,1767.09,1757.61,1761.67,76720.0
2021-02-26 16:00:00,1761.66,1763.5,1717.23,1726.55,103965.0
2021-02-26 20:00:00,1726.55,1735.3,1725.8,1734.81,53574.0
2021-03-01 00:00:00,1733.45,1745.09,1732.75,1744.97,34762.0
2021-03-01 04:00:00,1744.98,1752.62,1744.59,1750.67,37172.0
2021-03-01 08:00:00,1750.71,1759.83,1744.98,1746.85,55443.0
2021-03-01 12:00:00,1747.03,1747.7,1730.85,1736.49,56162.0
2021-03-01 16:00:00,1736.48,1742.95,1726.27,1726.96,79309.0
2021-03-01 20:00:00,1727.0,1727.37,1719.69,1724.71,44686.0
2021-03-02 00:00:00,1724.38,1728.42,1710.5,1711.71,31587.0
2021-03-02 04:00:00,1711.68,1717.15,1707.19,1714.8,49473.0
2021-03-02 08:00:00,1714.83,1725.29,1713.55,1722.99,58024.0
2021-03-02 12:00:00,1723.06,1736.29,1722.99,1727.26,53794.0
2021-03-02 16:00:00,1727.22,1738.33,1720.34,1736.71,77505.0
2021-03-02 20:00:00,1736.7,1739.11,1732.87,1738.12,35179.0
2021-03-03 00:00:00,1737.95,1740.53,1729.99,1734.24,23802.0
2021-03-03 04:00:00,1734.23,1735.69,1731.44,1733.16,25476.0
2021-03-03 08:00:00,1733.14,1735.95,1725.63,1728.15,45070.0
2021-03-03 12:00:00,1728.19,1728.24,1708.39,1712.36,60504.0
2021-03-03 16:00:00,1712.32,1725.13,1701.91,1717.19,93967.0
2021-03-03 20:00:00,1717.18,1720.27,1709.45,1710.88,52891.0
2021-03-04 00:00:00,1710.96,1716.76,1708.15,1715.22,23941.0
2021-03-04 04:00:00,1715.22,1720.15,1706.63,1718.05,40450.0
2021-03-04 08:00:00,1718.05,1721.29,1706.38,1715.39,55530.0
2021-03-04 12:00:00,1715.39,1723.21,1708.53,1715.91,58772.0
2021-03-04 16:00:00,1715.87,1722.42,1698.38,1700.31,96588.0
2021-03-04 20:00:00,1700.31,1704.26,1690.57,1697.21,72466.0
2021-03-05 00:00:00,1697.34,1698.75,1687.3,1692.64,34548.0
2021-03-05 04:00:00,1692.64,1697.31,1689.59,1696.89,39825.0
2021-03-05 08:00:00,1696.88,1700.43,1690.98,1694.49,53612.0
2021-03-05 12:00:00,1694.48,1701.1,1687.32,1693.44,59320.0
2021-03-05 16:00:00,1693.45,1707.69,1691.83,1702.81,100065.0
2021-03-05 20:00:00,1702.82,1705.22,1696.98,1700.08,38144.0
2021-03-08 00:00:00,1701.46,1713.94,1701.46,1713.23,34126.0
2021-03-08 04:00:00,1713.25,1714.28,1704.35,1707.69,45057.0
2021-03-08 08:00:00,1707.69,1709.22,1689.74,1690.38,56024.0
2021-03-08 12:00:00,1690.38,1696.03,1684.72,1693.89,57882.0
2021-03-08 16:00:00,1693.89,1696.5,1676.81,1680.79,86430.0
2021-03-08 20:00:00,1680.79,1685.41,1680.23,1683.33,41779.0
2021-03-09 00:00:00,1683.04,1685.77,1680.09,1683.42,23853.0
2021-03-09 04:00:00,1683.45,1691.57,1683.4,1688.8,37093.0
2021-03-09 08:00:00,1688.8,1703.81,1688.13,1702.71,50918.0
2021-03-09 12:00:00,1702.71,1715.13,1700.44,1713.47,57976.0
2021-03-09 16:00:00,1713.46,1720.64,1711.76,1716.77,78398.0
2021-03-09 20:00:00,1716.77,1719.69,1714.38,1716.02,36111.0
2021-03-10 00:00:00,1715.69,1719.56,1712.75,1713.71,24301.0
2021-03-10 04:00:00,1713.73,1714.2,1710.83,1712.88,28723.0
2021-03-10 08:00:00,1712.85,1716.66,1709.63,1714.32,41367.0
2021-03-10 12:00:00,1714.32,1723.68,1708.21,1720.05,49848.0
2021-03-10 16:00:00,1720.05,1722.18,1714.4,1719.33,80048.0
2021-03-10 20:00:00,1719.35,1726.76,1716.27,1726.52,42567.0
2021-03-11 00:00:00,1726.25,1727.93,1723.22,1726.17,19310.0
2021-03-11 04:00:00,1726.17,1735.92,1726.17,1735.57,31241.0
2021-03-11 08:00:00,1735.6,1739.83,1731.4,1733.72,43487.0
2021-03-11 12:00:00,1733.71,1737.18,1727.34,1729.92,51507.0
2021-03-11 16:00:00,1729.92,1731.51,1719.23,1723.67,68867.0
2021-03-11 20:00:00,1723.64,1728.33,1721.51,1722.41,38651.0
2021-03-12 00:00:00,1722.03,1727.96,1721.34,1724.91,17315.0
2021-03-12 04:00:00,1724.89,1724.9,1716.25,1718.17,31288.0
2021-03-12 08:00:00,1718.17,1718.25,1699.2,1701.43,57693.0
2021-03-12 12:00:00,1701.41,1707.37,1699.49,1705.04,49008.0
2021-03-12 16:00:00,1705.07,1722.67,1700.58,1719.66,73228.0
2021-03-12 20:00:00,1719.66,1729.26,1719.4,1726.59,27992.0
2021-03-15 00:00:00,1724.86,1730.4,1724.24,1727.18,16074.0
2021-03-15 04:00:00,1727.14,1734.02,1725.25,1726.74,33765.0
2021-03-15 08:00:00,1726.71,1728.35,1721.66,1727.89,38595.0
2021-03-15 12:00:00,1727.96,1733.08,1727.19,1731.23,42558.0
2021-03-15 16:00:00,1731.22,1734.54,1722.81,1729.1,69328.0
2021-03-15 20:00:00,1729.11,1732.16,1728.01,1731.58,25513.0
2021-03-16 00:00:00,1731.3,1732.17,1730.16,1730.56,8789.0
2021-03-16 04:00:00,1730.54,1735.02,1729.6,1734.16,24437.0
2021-03-16 08:00:00,1734.18,1737.22,1726.17,1732.38,35272.0
2021-03-16 12:00:00,1732.39,1736.14,1730.26,1732.5,43042.0
2021-03-16 16:00:00,1732.51,1741.22,1726.71,1730.54,67219.0
2021-03-16 20:00:00,1730.56,1733.33,1728.88,1731.37,32496.0
2021-03-17 00:00:00,1731.33,1732.75,1730.46,1732.53,11282.0
2021-03-17 04:00:00,1732.51,1737.61,1729.66,1736.84,26415.0
2021-03-17 08:00:00,1736.81,1737.98,1733.51,1734.57,29667.0
2021-03-17 12:00:00,1734.57,1737.13,1727.9,1729.2,43297.0
2021-03-17 16:00:00,1729.22,1734.65,1724.21,1728.0,64964.0
2021-03-17 20:00:00,1727.99,1751.61,1726.57,1745.27,62492.0
2021-03-18 00:00:00,1744.81,1751.57,1744.32,1749.85,15462.0
2021-03-18 04:00:00,1749.8,1755.49,1747.49,1749.93,41146.0
2021-03-18 08:00:00,1749.92,1752.85,1732.69,1736.19,51913.0
2021-03-18 12:00:00,1736.18,1739.58,1726.3,1729.79,58195.0
2021-03-18 16:00:00,1729.8,1736.17,1719.2,1731.17,81072.0
2021-03-18 20:00:00,1731.17,1737.27,1730.07,1736.32,45679.0
2021-03-19 00:00:00,1735.33,1737.73,1730.63,1730.75,15916.0
2021-03-19 04:00:00,1730.81,1735.02,1728.39,1733.93,36965.0
2021-03-19 08:00:00,1733.93,1745.38,1730.82,1743.69,47268.0
2021-03-19 12:00:00,1743.65,1744.6,1734.94,1739.12,45112.0
2021-03-19 16:00:00,1739.12,1742.39,1733.28,1742.34,77717.0
2021-03-19 20:00:00,1742.34,1746.72,1740.48,1744.73,29074.0
2021-03-22 00:00:00,1745.51,1746.95,1737.27,1739.61,18253.0
2021-03-22 04:00:00,1739.61,1743.14,1732.52,1742.66,37311.0
2021-03-22 08:00:00,1742.63,1742.65,1727.39,1729.88,47661.0
2021-03-22 12:00:00,1729.84,1739.1,1728.1,1732.12,48808.0
2021-03-22 16:00:00,1732.04,1740.45,1730.61,1740.4,64071.0
2021-03-22 20:00:00,1740.4,1741.05,1738.02,1738.82,23426.0
2021-03-23 00:00:00,1738.72,1740.48,1736.49,1737.03,10272.0
2021-03-23 04:00:00,1737.03,1737.65,1731.01,1735.68,32571.0
2021-03-23 08:00:00,1735.63,1740.09,1735.2,1739.32,36957.0
2021-03-23 12:00:00,1739.3,1742.56,1736.22,1739.24,46033.0
2021-03-23 16:00:00,1739.25,1740.16,1724.98,1726.92,66698.0
2021-03-23 20:00:00,1726.93,1728.78,1724.66,1726.9,33475.0
2021-03-24 00:00:00,1727.0,1728.15,1725.76,1727.63,12476.0
2021-03-24 04:00:00,1727.63,1734.46,1723.78,1733.43,34345.0
2021-03-24 08:00:00,1733.41,1733.84,1727.16,1731.09,40650.0
2021-03-24 12:00:00,1731.1,1735.92,1729.17,1732.18,38089.0
2021-03-24 16:00:00,1732.18,1738.49,1728.33,1734.19,56393.0
2021-03-24 20:00:00,1734.27,1735.68,1731.91,1734.44,29219.0
2021-03-25 00:00:00,1734.28,1735.1,1733.09,1734.08,10898.0
2021-03-25 04:00:00,1734.1,1739.15,1731.92,1735.61,33173.0
2021-03-25 08:00:00,1735.49,1737.81,1730.71,1732.14,34848.0
2021-03-25 12:00:00,1732.14,1733.43,1724.98,1729.59,42505.0
2021-03-25 16:00:00,1729.57,1745.48,1727.77,1728.24,76050.0
2021-03-25 20:00:00,1728.25,1731.25,1721.76,1726.37,42675.0
2021-03-26 00:00:00,1726.64,1729.24,1726.48,1728.4,13362.0
2021-03-26 04:00:00,1728.39,1729.81,1723.22,1726.35,29099.0
2021-03-26 08:00:00,1726.38,1729.65,1725.41,1727.83,32774.0
2021-03-26 12:00:00,1727.82,1732.03,1721.59,1724.8,39569.0
2021-03-26 16:00:00,1724.81,1736.72,1724.22,1732.31,56944.0
2021-03-26 20:00:00,1732.31,1734.29,1730.21,1732.11,27139.0
2021-03-29 00:00:00,1731.4,1733.13,1729.8,1731.21,10978.0
2021-03-29 04:00:00,1731.21,1732.87,1726.34,1727.86,27096.0
2021-03-29 08:00:00,1727.89,1729.2,1723.78,1724.83,37222.0
2021-03-29 12:00:00,1724.82,1728.22,1721.96,1723.83,31673.0
2021-03-29 16:00:00,1723.86,1726.31,1705.72,1713.28,63069.0
2021-03-29 20:00:00,1713.31,1714.56,1709.75,1711.94,26306.0
2021-03-30 00:00:00,1712.24,1714.19,1710.58,1713.29,11508.0
2021-03-30 04:00:00,1713.27,1714.41,1704.68,1707.8,28975.0
2021-03-30 08:00:00,1707.8,1708.52,1695.43,1697.88,48721.0
2021-03-30 12:00:00,1697.88,1700.92,1678.75,1683.52,57107.0
2021-03-30 16:00:00,1683.52,1688.49,1681.59,1685.52,76754.0
2021-03-30 20:00:00,1685.51,1686.67,1681.57,1684.83,34653.0
2021-03-31 00:00:00,1684.76,1686.41,1682.78,1684.17,16584.0
2021-03-31 04:00:00,1684.17,1686.36,1677.86,1679.36,41191.0
2021-03-31 08:00:00,1679.32,1688.78,1678.56,1686.0,46962.0
2021-03-31 12:00:00,1686.04,1689.54,1682.26,1687.53,46525.0
2021-03-31 16:00:00,1687.49,1712.42,1686.85,1711.89,77598.0
2021-03-31 20:00:00,1711.89,1715.27,1705.91,1707.4,39097.0
2021-04-01 00:00:00,1707.4,1709.1,1705.81,1706.92,16095.0
2021-04-01 04:00:00,1706.94,1714.12,1705.73,1711.14,34403.0
2021-04-01 08:00:00,1711.2,1719.89,1710.12,1716.16,46325.0
2021-04-01 12:00:00,1716.17,1720.1,1710.38,1718.89,42399.0
2021-04-01 16:00:00,1718.91,1730.08,1718.91,1725.92,67342.0
2021-04-01 20:00:00,1725.94,1730.43,1725.67,1730.11,26787.0
2021-04-05 00:00:00,1728.55,1729.84,1726.12,1727.8,14985.0
2021-04-05 04:00:00,1727.81,1729.88,1723.72,1724.49,18915.0
2021-04-05 08:00:00,1724.48,1728.52,1721.27,1725.46,27151.0
2021-04-05 12:00:00,1725.43,1729.69,1721.86,1723.23,28772.0
2021-04-05 16:00:00,1723.23,1733.53,1722.4,1728.12,52140.0
2021-04-05 20:00:00,1728.05,1728.56,1725.0,1728.16,25082.0
2021-04-06 00:00:00,1728.41,1730.83,1727.17,1729.15,10442.0
2021-04-06 04:00:00,1729.15,1736.03,1728.44,1735.7,27129.0
2021-04-06 08:00:00,1735.75,1738.62,1727.75,1732.69,41484.0
2021-04-06 12:00:00,1732.74,1739.01,1730.34,1736.06,38251.0
2021-04-06 16:00:00,1736.04,1745.47,1734.12,1743.31,57960.0
2021-04-06 20:00:00,1743.31,1744.51,1740.01,1743.23,26913.0
2021-04-07 00:00:00,1742.96,1744.32,1740.53,1740.96,9456.0
2021-04-07 04:00:00,1740.99,1741.71,1735.82,1739.11,25335.0
2021-04-07 08:00:00,1739.14,1742.33,1736.23,1737.97,35495.0
2021-04-07 12:00:00,1737.96,1739.25,1730.66,1737.9,41342.0
2021-04-07 16:00:00,1737.89,1743.22,1734.59,1740.45,57112.0
2021-04-07 20:00:00,1740.44,1742.51,1735.54,1737.34,29600.0
2021-04-08 00:00:00,1737.35,1738.28,1735.31,1736.22,11155.0
2021-04-08 04:00:00,1736.22,1740.23,1733.14,1739.91,27910.0
2021-04-08 08:00:00,1739.91,1747.61,1739.53,1743.24,45170.0
2021-04-08 12:00:00,1743.31,1751.22,1742.2,1747.51,42751.0
2021-04-08 16:00:00,1747.51,1758.65,1747.39,1757.01,65449.0
2021-04-08 20:00:00,1757.04,1757.67,1754.17,1755.58,25742.0
2021-04-09 00:00:00,1755.32,1755.92,1753.16,1755.25,9983.0
2021-04-09 04:00:00,1755.25,1757.31,1751.39,1752.09,31129.0
2021-04-09 08:00:00,1752.1,1752.61,1744.0,1745.46,44457.0
2021-04-09 12:00:00,1745.46,1748.91,1735.72,1738.15,45899.0
2021-04-09 16:00:00,1738.26,1746.79,1731.21,1745.01,65024.0
2021-04-09 20:00:00,1745.01,1745.69,1741.37,1743.57,27811.0
2021-04-12 00:00:00,1743.42,1744.1,1740.46,1741.91,11429.0
2021-04-12 04:00:00,1742.01,1743.41,1736.74,1738.47,37153.0
2021-04-12 08:00:00,1738.47,1742.14,1735.21,1737.87,42180.0
2021-04-12 12:00:00,1737.88,1744.98,1737.79,1738.9,41207.0
2021-04-12 16:00:00,1738.89,1740.26,1730.48,1732.89,63279.0
2021-04-12 20:00:00,1732.88,1733.93,1727.41,1732.78,32055.0
2021-04-13 00:00:00,1732.26,1733.61,1729.67,1730.58,11373.0
2021-04-13 04:00:00,1730.56,1736.41,1728.04,1729.91,36541.0
2021-04-13 08:00:00,1729.91,1730.72,1723.69,1728.29,44987.0
2021-04-13 12:00:00,1728.29,1742.17,1724.61,1736.42,53737.0
2021-04-13 16:00:00,1736.42,1748.98,1736.36,1742.56,66817.0
2021-04-13 20:00:00,1742.57,1747.62,1742.56,1745.33,33483.0
2021-04-14 00:00:00,1744.46,1747.27,1744.15,1747.06,12328.0
2021-04-14 04:00:00,1747.04,1749.34,1742.77,1742.83,29506.0
2021-04-14 08:00:00,1742.85,1748.72,1740.77,1745.73,46193.0
2021-04-14 12:00:00,1745.72,1747.07,1741.67,1744.3,41471.0
2021-04-14 16:00:00,1744.33,1744.76,1732.58,1736.47,67777.0
2021-04-14 20:00:00,1736.49,1737.68,1734.02,1736.23,29257.0
2021-04-15 00:00:00,1736.09,1739.53,1735.3,1738.73,10625.0
2021-04-15 04:00:00,1738.74,1740.44,1734.32,1739.81,35593.0
2021-04-15 08:00:00,1739.8,1747.89,1739.8,1747.85,41318.0
2021-04-15 12:00:00,1747.85,1752.22,1744.55,1746.8,46571.0
2021-04-15 16:00:00,1746.8,1769.63,1745.85,1767.46,74836.0
2021-04-15 20:00:00,1767.45,1768.06,1763.04,1763.5,31891.0
2021-04-16 00:00:00,1763.69,1766.08,1762.33,1762.65,12587.0
2021-04-16 04:00:00,1762.65,1764.95,1759.77,1764.87,32770.0
2021-04-16 08:00:00,1764.86,1767.22,1761.5,1766.06,44317.0
2021-04-16 12:00:00,1766.04,1783.83,1765.38,1780.9,55403.0
2021-04-16 16:00:00,1780.88,1782.32,1771.99,1779.95,70476.0
2021-04-16 20:00:00,1779.95,1780.31,1774.46,1776.41,27692.0
2021-04-19 00:00:00,1776.62,1783.59,1774.79,1782.33,15743.0
2021-04-19 04:00:00,1782.29,1783.26,1773.14,1777.92,38529.0
2021-04-19 08:00:00,1777.91,1788.57,1775.33,1787.05,53847.0
2021-04-19 12:00:00,1787.05,1790.05,1774.9,1775.88,52762.0
2021-04-19 16:00:00,1775.88,1776.93,1766.72,1771.49,66847.0
2021-04-19 20:00:00,1771.5,1772.06,1769.55,1771.12,19442.0
2021-04-20 00:00:00,1771.08,1772.72,1768.4,1768.72,11103.0
2021-04-20 04:00:00,1768.72,1775.7,1765.59,1772.31,38771.0
2021-04-20 08:00:00,1772.31,1774.29,1765.18,1768.22,50033.0
2021-04-20 12:00:00,1768.23,1775.58,1763.61,1769.58,53656.0
2021-04-20 16:00:00,1769.6,1780.41,1766.04,1777.98,71231.0
2021-04-20 20:00:00,1777.99,1779.7,1776.93,1778.5,21092.0
2021-04-21 00:00:00,1778.54,1780.01,1776.24,1777.28,11921.0
2021-04-21 04:00:00,1777.26,1784.68,1777.09,1781.11,31971.0
2021-04-21 08:00:00,1781.05,1788.39,1777.94,1778.56,44685.0
2021-04-21 12:00:00,1778.54,1787.8,1777.74,1786.28,42529.0
2021-04-21 16:00:00,1786.28,1797.64,1783.38,1790.82,67832.0
2021-04-21 20:00:00,1790.82,1795.24,1790.76,1793.62,28012.0
2021-04-22 00:00:00,1793.53,1795.08,1792.47,1793.92,9161.0
2021-04-22 04:00:00,1793.92,1797.84,1790.3,1793.31,32043.0
2021-04-22 08:00:00,1793.3,1794.73,1788.24,1789.79,39451.0
2021-04-22 12:00:00,1789.8,1790.68,1782.21,1785.38,45274.0
2021-04-22 16:00:00,1785.29,1788.26,1777.4,1781.74,72402.0
2021-04-22 20:00:00,1781.76,1784.46,1778.69,1784.06,35316.0
2021-04-23 00:00:00,1783.63,1786.13,1782.89,1783.95,11021.0
2021-04-23 04:00:00,1783.98,1789.73,1783.21,1784.9,29728.0
2021-04-23 08:00:00,1784.89,1786.91,1781.61,1784.62,39131.0
2021-04-23 12:00:00,1784.62,1795.12,1783.95,1793.53,40440.0
2021-04-23 16:00:00,1793.51,1796.0,1770.0,1777.6,70561.0
2021-04-23 20:00:00,1777.6,1779.31,1775.45,1776.77,24076.0
2021-04-26 00:00:00,1775.84,1779.14,1773.85,1778.34,10827.0
2021-04-26 04:00:00,1778.35,1782.89,1777.97,1780.3,34302.0
2021-04-26 08:00:00,1780.3,1783.5,1774.93,1779.56,42562.0
2021-04-26 12:00:00,1779.6,1782.24,1768.78,1776.64,45153.0
2021-04-26 16:00:00,1776.65,1780.24,1772.65,1778.82,59749.0
2021-04-26 20:00:00,1778.83,1782.46,1778.77,1781.16,22966.0
2021-04-27 00:00:00,1780.91,1782.33,1779.76,1781.32,8935.0
2021-04-27 04:00:00,1781.37,1784.07,1773.7,1781.52,29335.0
2021-04-27 08:00:00,1781.56,1783.4,1776.03,1779.22,37484.0
2021-04-27 12:00:00,1779.21,1785.54,1778.37,1783.08,40232.0
2021-04-27 16:00:00,1783.07,1785.39,1777.64,1778.22,61369.0
2021-04-27 20:00:00,1778.21,1779.86,1775.42,1776.68,29268.0
2021-04-28 00:00:00,1776.52,1777.08,1769.86,1771.79,11455.0
2021-04-28 04:00:00,1771.79,1773.06,1766.42,1771.03,27410.0
2021-04-28 08:00:00,1771.05,1771.83,1766.2,1769.77,37208.0
2021-04-28 12:00:00,1769.78,1769.97,1762.59,1769.49,40540.0
2021-04-28 16:00:00,1769.5,1775.86,1766.91,1774.58,59745.0
2021-04-28 20:00:00,1774.58,1782.55,1770.35,1781.51,45998.0
2021-04-29 00:00:00,1781.45,1785.62,1781.08,1784.67,9535.0
2021-04-29 04:00:00,1784.67,1789.98,1783.67,1785.11,31133.0
2021-04-29 08:00:00,1785.13,1785.95,1775.56,1777.32,39350.0
2021-04-29 12:00:00,1777.32,1781.36,1772.15,1779.95,45340.0
2021-04-29 16:00:00,1779.84,1780.33,1756.17,1768.65,72510.0
2021-04-29 20:00:00,1768.65,1774.91,1767.62,1771.95,24205.0
2021-04-30 00:00:00,1772.82,1773.61,1768.6,1769.75,11640.0
2021-04-30 04:00:00,1769.74,1770.18,1765.43,1768.72,31264.0
2021-04-30 08:00:00,1768.71,1773.22,1766.94,1769.59,38096.0
2021-04-30 12:00:00,1769.59,1772.48,1765.56,1769.41,40903.0
2021-04-30 16:00:00,1769.43,1772.25,1764.22,1767.78,66176.0
2021-04-30 20:00:00,1767.78,1770.48,1766.3,1768.48,28152.0
2021-05-03 00:00:00,1768.06,1770.84,1766.02,1770.84,10255.0
2021-05-03 04:00:00,1770.81,1775.66,1770.06,1774.2,21736.0
2021-05-03 08:00:00,1774.24,1781.48,1772.3,1775.7,32324.0
2021-05-03 12:00:00,1775.72,1787.0,1775.28,1784.66,41906.0
2021-05-03 16:00:00,1784.64,1797.9,1784.6,1792.86,65253.0
2021-05-03 20:00:00,1792.84,1793.9,1790.61,1792.83,30049.0
2021-05-04 00:00:00,1792.6,1793.17,1790.67,1791.24,9638.0
2021-05-04 04:00:00,1791.24,1791.63,1788.41,1788.72,18180.0
2021-05-04 08:00:00,1788.7,1790.52,1783.88,1785.83,36007.0
2021-05-04 12:00:00,1785.82,1789.17,1780.71,1788.36,49895.0
2021-05-04 16:00:00,1788.37,1799.08,1770.84,1775.95,81399.0
2021-05-04 20:00:00,1775.9,1780.08,1775.83,1778.68,34178.0
2021-05-05 00:00:00,1778.58,1779.51,1776.75,1778.63,8806.0
2021-05-05 04:00:00,1778.66,1783.34,1777.99,1780.66,17457.0
2021-05-05 08:00:00,1780.66,1780.87,1774.22,1775.14,38267.0
2021-05-05 12:00:00,1775.13,1782.67,1770.39,1781.92,43654.0
2021-05-05 16:00:00,1781.91,1785.31,1778.66,1784.18,59224.0
2021-05-05 20:00:00,1784.15,1787.94,1783.02,1786.72,26057.0
2021-05-06 00:00:00,1786.76,1787.53,1783.05,1783.3,10508.0
2021-05-06 04:00:00,1783.3,1790.11,1781.98,1788.58,32295.0
2021-05-06 08:00:00,1788.58,1795.77,1788.5,1795.16,37676.0
2021-05-06 12:00:00,1795.16,1796.54,1788.29,1793.67,47115.0
2021-05-06 16:00:00,1793.67,1818.07,1790.78,1815.76,68583.0
2021-05-06 20:00:00,1815.76,1816.21,1812.8,1814.83,31812.0
2021-05-07 00:00:00,1814.73,1815.65,1813.37,1814.53,8710.0
2021-05-07 04:00:00,1814.53,1822.25,1812.81,1819.18,35124.0
2021-05-07 08:00:00,1819.19,1823.08,1817.29,1820.66,42437.0
2021-05-07 12:00:00,1820.65,1843.36,1817.29,1839.17,45723.0
2021-05-07 16:00:00,1839.17,1842.23,1825.65,1832.6,82579.0
2021-05-07 20:00:00,1832.6,1832.75,1829.28,1831.06,34702.0
2021-05-10 00:00:00,1832.17,1836.87,1830.48,1833.12,18489.0
2021-05-10 04:00:00,1833.12,1835.07,1829.98,1834.12,40795.0
2021-05-10 08:00:00,1834.09,1839.13,1833.46,1836.08,47549.0
2021-05-10 12:00:00,1836.01,1842.95,1834.63,1841.99,43417.0
2021-05-10 16:00:00,1841.99,1845.5,1835.43,1837.73,71442.0
2021-05-10 20:00:00,1837.73,1838.72,1833.93,1835.82,35593.0
2021-05-11 00:00:00,1835.72,1836.71,1832.52,1833.99,14464.0
2021-05-11 04:00:00,1834.04,1838.39,1831.32,1836.17,35484.0
2021-05-11 08:00:00,1836.18,1838.09,1832.63,1836.09,44870.0
2021-05-11 12:00:00,1836.07,1841.8,1825.92,1826.61,51349.0
2021-05-11 16:00:00,1826.6,1836.03,1818.08,1835.15,79990.0
2021-05-11 20:00:00,1835.11,1838.34,1833.47,1837.16,37181.0
2021-05-12 00:00:00,1836.83,1837.62,1833.37,1834.33,10564.0
2021-05-12 04:00:00,1834.35,1834.46,1825.95,1829.94,33094.0
2021-05-12 08:00:00,1829.96,1835.67,1828.58,1833.38,42829.0
2021-05-12 12:00:00,1833.38,1840.78,1821.37,1840.17,48613.0
2021-05-12 16:00:00,1840.15,1843.66,1818.95,1820.32,87000.0
2021-05-12 20:00:00,1820.24,1825.13,1813.21,1815.29,54154.0
2021-05-13 00:00:00,1815.45,1819.1,1813.25,1818.5,14027.0
2021-05-13 04:00:00,1818.64,1822.97,1816.5,1819.23,38021.0
2021-05-13 08:00:00,1819.23,1822.28,1812.59,1814.99,48098.0
2021-05-13 12:00:00,1814.99,1821.2,1808.74,1817.03,53198.0
2021-05-13 16:00:00,1817.03,1828.75,1815.76,1826.06,67244.0
2021-05-13 20:00:00,1826.06,1828.43,1821.68,1826.31,36658.0
2021-05-14 00:00:00,1825.73,1827.16,1823.91,1825.79,10816.0
2021-05-14 04:00:00,1825.78,1826.47,1819.79,1823.63,34170.0
2021-05-14 08:00:00,1823.63,1836.3,1822.44,1834.89,47986.0
2021-05-14 12:00:00,1834.92,1839.62,1832.95,1837.11,43274.0
2021-05-14 16:00:00,1837.12,1841.21,1834.27,1839.17,63434.0
2021-05-14 20:00:00,1839.18,1845.89,1837.75,1843.28,24812.0
2021-05-17 00:00:00,1843.7,1848.17,1840.67,1844.07,12767.0
2021-05-17 04:00:00,1844.0,1853.27,1843.62,1852.75,37378.0
2021-05-17 08:00:00,1852.75,1855.39,1852.16,1853.15,37256.0
2021-05-17 12:00:00,1853.18,1853.26,1844.96,1845.7,41236.0
2021-05-17 16:00:00,1845.71,1868.14,1844.04,1868.06,70126.0
2021-05-17 20:00:00,1868.03,1868.46,1865.39,1866.81,28234.0
2021-05-18 00:00:00,1865.52,1869.87,1865.22,1869.17,9575.0
2021-05-18 04:00:00,1869.11,1873.82,1866.75,1867.99,37314.0
2021-05-18 08:00:00,1868.01,1871.66,1867.36,1869.5,38491.0
2021-05-18 12:00:00,1869.48,1875.01,1865.29,1871.3,38365.0
2021-05-18 16:00:00,1871.47,1873.43,1863.22,1867.38,66889.0
2021-05-18 20:00:00,1867.39,1870.14,1867.05,1869.29,21651.0
2021-05-19 00:00:00,1869.34,1871.33,1868.09,1869.75,9191.0
2021-05-19 04:00:00,1869.74,1871.52,1864.53,1868.01,33675.0
2021-05-19 08:00:00,1868.03,1873.97,1859.96,1863.21,47846.0
2021-05-19 12:00:00,1863.26,1872.61,1852.18,1872.53,55157.0
2021-05-19 16:00:00,1872.52,1890.07,1864.78,1881.96,80058.0
2021-05-19 20:00:00,1881.95,1882.64,1861.99,1869.27,51406.0
2021-05-20 00:00:00,1869.64,1872.07,1863.85,1871.79,15092.0
2021-05-20 04:00:00,1871.74,1877.59,1865.21,1875.47,39513.0
2021-05-20 08:00:00,1875.48,1879.04,1870.56,1872.13,42971.0
2021-05-20 12:00:00,1872.14,1872.88,1865.25,1871.62,43892.0
2021-05-20 16:00:00,1871.78,1883.84,1869.69,1882.64,67378.0
2021-05-20 20:00:00,1882.67,1883.82,1873.24,1876.96,30947.0
2021-05-21 00:00:00,1877.28,1878.39,1873.64,1874.62,10536.0
2021-05-21 04:00:00,1874.62,1877.05,1870.34,1876.08,30641.0
2021-05-21 08:00:00,1876.11,1878.1,1872.72,1876.16,36873.0
2021-05-21 12:00:00,1876.17,1888.14,1876.06,1887.11,39148.0
2021-05-21 16:00:00,1887.11,1889.42,1870.08,1872.85,73931.0
2021-05-21 20:00:00,1872.85,1882.29,1872.75,1881.28,27636.0
2021-05-24 00:00:00,1881.65,1884.36,1880.14,1881.0,11973.0
2021-05-24 04:00:00,1881.01,1887.05,1879.78,1884.57,36593.0
2021-05-24 08:00:00,1884.57,1886.29,1875.23,1877.58,37078.0
2021-05-24 12:00:00,1877.59,1886.26,1877.08,1880.02,37671.0
2021-05-24 16:00:00,1880.01,1885.57,1877.9,1883.88,61032.0
2021-05-24 20:00:00,1883.85,1884.73,1880.61,1880.67,19970.0
2021-05-25 00:00:00,1880.47,1881.54,1876.27,1878.75,10362.0
2021-05-25 04:00:00,1878.77,1880.01,1872.72,1879.61,31754.0
2021-05-25 08:00:00,1879.69,1887.25,1873.28,1882.65,40950.0
2021-05-25 12:00:00,1882.66,1884.83,1879.86,1883.38,33366.0
2021-05-25 16:00:00,1883.42,1896.01,1879.88,1895.34,66661.0
2021-05-25 20:00:00,1895.32,1900.25,1895.11,1898.74,27209.0
2021-05-26 00:00:00,1898.63,1900.21,1897.0,1897.92,10695.0
2021-05-26 04:00:00,1897.93,1907.77,1897.92,1906.49,36708.0
2021-05-26 08:00:00,1906.49,1910.25,1900.51,1906.5,37795.0
2021-05-26 12:00:00,1906.47,1912.72,1903.64,1907.99,37133.0
2021-05-26 16:00:00,1907.98,1908.09,1899.08,1902.28,63580.0
2021-05-26 20:00:00,1902.34,1903.02,1890.7,1896.27,34704.0
2021-05-27 00:00:00,1896.19,1897.7,1893.78,1894.74,8959.0
2021-05-27 04:00:00,1894.67,1899.6,1892.15,1899.31,30723.0
2021-05-27 08:00:00,1899.32,1903.63,1894.08,1896.43,36375.0
2021-05-27 12:00:00,1896.41,1898.79,1889.53,1897.47,42471.0
2021-05-27 16:00:00,1897.42,1898.79,1888.25,1891.64,65670.0
2021-05-27 20:00:00,1891.62,1898.9,1891.49,1896.26,24385.0
2021-05-28 00:00:00,1896.07,1898.56,1896.04,1896.82,10305.0
2021-05-28 04:00:00,1896.82,1898.15,1892.55,1893.0,27983.0
2021-05-28 08:00:00,1892.97,1894.9,1887.91,1893.52,38028.0
2021-05-28 12:00:00,1893.5,1896.31,1882.3,1893.06,41361.0
2021-05-28 16:00:00,1893.07,1900.59,1890.19,1899.97,64496.0
2021-05-28 20:00:00,1899.96,1905.94,1899.9,1903.41,30596.0
2021-05-31 00:00:00,1903.08,1905.67,1902.5,1904.82,10382.0
2021-05-31 04:00:00,1904.83,1910.62,1904.65,1906.8,33888.0
2021-05-31 08:00:00,1906.8,1908.04,1903.43,1906.42,29914.0
2021-05-31 12:00:00,1906.38,1907.05,1902.08,1905.3,23392.0
2021-05-31 16:00:00,1905.27,1906.96,1903.65,1906.59,28897.0
2021-06-01 00:00:00,1907.59,1908.67,1906.22,1908.11,10299.0
2021-06-01 04:00:00,1908.11,1914.48,1906.17,1910.63,30754.0
2021-06-01 08:00:00,1910.64,1916.58,1905.18,1911.47,40008.0
2021-06-01 12:00:00,1911.44,1911.95,1904.46,1910.32,39405.0
2021-06-01 16:00:00,1910.33,1911.99,1892.37,1903.29,68307.0
2021-06-01 20:00:00,1903.28,1903.68,1898.82,1900.35,19923.0
2021-06-02 00:00:00,1899.2,1900.49,1897.69,1898.93,8593.0
2021-06-02 04:00:00,1898.89,1902.26,1896.03,1896.28,27518.0
2021-06-02 08:00:00,1896.27,1900.76,1895.15,1896.39,38442.0
2021-06-02 12:00:00,1896.4,1906.96,1894.34,1904.64,36696.0
2021-06-02 16:00:00,1904.65,1908.78,1900.53,1906.46,49039.0
2021-06-02 20:00:00,1906.46,1909.05,1905.5,1908.12,19010.0
2021-06-03 00:00:00,1907.83,1909.53,1907.39,1908.33,5877.0
2021-06-03 04:00:00,1908.39,1909.61,1903.54,1903.66,23340.0
2021-06-03 08:00:00,1903.66,1904.09,1890.66,1894.08,39761.0
2021-06-03 12:00:00,1894.08,1898.14,1882.1,1882.33,50082.0
2021-06-03 16:00:00,1882.27,1883.71,1865.3,1870.96,71956.0
2021-06-03 20:00:00,1870.96,1874.04,1870.2,1870.45,22692.0
2021-06-04 00:00:00,1870.8,1872.06,1868.66,1869.42,11499.0
2021-06-04 04:00:00,1869.44,1871.99,1855.87,1868.38,35542.0
2021-06-04 08:00:00,1868.38,1875.07,1865.6,1869.54,40178.0
2021-06-04 12:00:00,1869.54,1885.95,1868.72,1884.68,42337.0
2021-06-04 16:00:00,1884.73,1896.17,1884.68,1889.32,59318.0
2021-06-04 20:00:00,1889.32,1892.19,1888.29,1890.9,17176.0
2021-06-07 00:00:00,1891.31,1891.69,1888.68,1890.74,9027.0
2021-06-07 04:00:00,1890.74,1891.81,1884.95,1885.9,27938.0
2021-06-07 08:00:00,1885.9,1887.34,1881.53,1884.65,36411.0
2021-06-07 12:00:00,1884.65,1888.27,1882.85,1887.17,33119.0
2021-06-07 16:00:00,1887.16,1895.63,1885.95,1895.06,53544.0
2021-06-07 20:00:00,1895.06,1900.11,1894.77,1898.77,19891.0
2021-06-08 00:00:00,1898.69,1901.52,1898.32,1901.51,6830.0
2021-06-08 04:00:00,1901.5,1903.33,1895.23,1897.05,23365.0
2021-06-08 08:00:00,1897.07,1898.42,1889.71,1892.51,34722.0
2021-06-08 12:00:00,1892.82,1903.25,1889.86,1892.75,40241.0
2021-06-08 16:00:00,1892.78,1896.26,1883.74,1892.37,57665.0
2021-06-08 20:00:00,1892.38,1893.99,1891.57,1892.74,17504.0
2021-06-09 00:00:00,1891.83,1895.07,1891.61,1895.05,8334.0
2021-06-09 04:00:00,1895.12,1896.27,1891.42,1893.9,21975.0
2021-06-09 08:00:00,1893.92,1895.64,1888.31,1889.4,32497.0
2021-06-09 12:00:00,1889.4,1895.86,1887.32,1893.78,33782.0
2021-06-09 16:00:00,1893.69,1898.95,1887.96,1891.18,51337.0
2021-06-09 20:00:00,1891.13,1893.22,1888.41,1888.41,17624.0
2021-06-10 00:00:00,1888.63,1889.35,1885.13,1885.93,7443.0
2021-06-10 04:00:00,1885.93,1888.85,1884.3,1885.38,22216.0
2021-06-10 08:00:00,1885.37,1888.02,1876.55,1882.31,36655.0
2021-06-10 12:00:00,1882.3,1891.59,1869.94,1891.43,45677.0
2021-06-10 16:00:00,1891.42,1894.74,1884.88,1893.69,68626.0
2021-06-10 20:00:00,1893.69,1899.91,1892.71,1898.09,25375.0
2021-06-11 00:00:00,1898.21,1899.66,1897.36,1899.55,8861.0
2021-06-11 04:00:00,1899.58,1900.9,1897.61,1900.16,24457.0
2021-06-11 08:00:00,1900.15,1903.02,1893.74,1895.17,37501.0
2021-06-11 12:00:00,1895.17,1896.09,1883.74,1884.34,47850.0
2021-06-11 16:00:00,1884.29,1886.75,1875.24,1879.03,58073.0
2021-06-11 20:00:00,1879.04,1879.12,1874.46,1877.46,19937.0
2021-06-14 00:00:00,1876.3,1877.7,1870.58,1870.92,14998.0
2021-06-14 04:00:00,1870.89,1871.69,1860.26,1865.47,27704.0
2021-06-14 08:00:00,1865.44,1866.11,1854.88,1857.78,37076.0
2021-06-14 12:00:00,1857.8,1861.52,1844.63,1848.24,43892.0
2021-06-14 16:00:00,1848.23,1869.76,1847.06,1864.2,57922.0
2021-06-14 20:00:00,1864.2,1866.42,1863.22,1866.0,16500.0
2021-06-15 00:00:00,1865.61,1867.69,1865.61,1866.4,9034.0
2021-06-15 04:00:00,1866.4,1867.81,1858.66,1864.48,33600.0
2021-06-15 08:00:00,1864.51,1869.14,1862.23,1864.03,29878.0
2021-06-15 12:00:00,1864.03,1867.68,1861.19,1865.63,38364.0
2021-06-15 16:00:00,1865.59,1868.09,1851.63,1852.36,55954.0
2021-06-15 20:00:00,1852.35,1859.33,1852.19,1858.79,21789.0
2021-06-16 00:00:00,1858.76,1860.72,1854.54,1854.58,9596.0
2021-06-16 04:00:00,1854.61,1860.42,1853.17,1859.99,23905.0
2021-06-16 08:00:00,1859.97,1861.58,1856.95,1859.97,27138.0
2021-06-16 12:00:00,1859.97,1860.58,1852.84,1857.88,31767.0
2021-06-16 16:00:00,1857.89,1861.65,1855.04,1859.29,46196.0
2021-06-16 20:00:00,1859.29,1863.13,1803.43,1811.53,68934.0
2021-06-17 00:00:00,1811.61,1819.76,1809.8,1817.74,24427.0
2021-06-17 04:00:00,1817.74,1825.27,1815.98,1821.56,34885.0
2021-06-17 08:00:00,1821.58,1821.58,1802.79,1804.74,53543.0
2021-06-17 12:00:00,1804.71,1808.44,1775.99,1785.36,67659.0
2021-06-17 16:00:00,1785.3,1790.5,1767.23,1770.64,93050.0
2021-06-17 20:00:00,1770.62,1781.97,1769.61,1773.25,42038.0
2021-06-18 00:00:00,1772.46,1779.66,1772.22,1779.18,14866.0
2021-06-18 04:00:00,1779.18,1787.15,1777.27,1784.64,31466.0
2021-06-18 08:00:00,1784.65,1794.66,1782.07,1791.19,47272.0
2021-06-18 12:00:00,1791.17,1797.13,1775.28,1777.45,50460.0
2021-06-18 16:00:00,1777.56,1780.84,1769.06,1772.02,84302.0
2021-06-18 20:00:00,1771.96,1774.66,1760.91,1764.31,39040.0
2021-06-21 00:00:00,1763.94,1773.25,1763.69,1773.17,17721.0
2021-06-21 04:00:00,1773.13,1776.83,1770.71,1773.19,42773.0
2021-06-21 08:00:00,1773.16,1785.66,1766.42,1784.91,59780.0
2021-06-21 12:00:00,1784.91,1785.83,1773.85,1774.92,47160.0
2021-06-21 16:00:00,1774.9,1786.58,1773.51,1783.23,64986.0
2021-06-21 20:00:00,1783.23,1785.15,1782.08,1782.76,23551.0
2021-06-22 00:00:00,1781.77,1787.7,1781.57,1785.9,12743.0
2021-06-22 04:00:00,1785.9,1790.12,1782.81,1788.05,25977.0
2021-06-22 08:00:00,1788.1,1788.12,1776.45,1778.48,44839.0
2021-06-22 12:00:00,1778.49,1787.57,1772.42,1774.6,44711.0
2021-06-22 16:00:00,1774.59,1781.42,1773.07,1778.25,59373.0
2021-06-22 20:00:00,1778.27,1783.11,1775.16,1778.74,27178.0
2021-06-23 00:00:00,1778.36,1779.7,1777.21,1778.71,9186.0
2021-06-23 04:00:00,1778.71,1783.9,1777.78,1781.94,25490.0
2021-06-23 08:00:00,1781.93,1784.59,1777.59,1782.77,36789.0
2021-06-23 12:00:00,1782.78,1787.0,1780.0,1782.5,39209.0
2021-06-23 16:00:00,1782.46,1794.93,1781.33,1783.29,60669.0
2021-06-23 20:00:00,1783.26,1783.86,1773.31,1779.05,28427.0
2021-06-24 00:00:00,1778.11,1780.12,1774.27,1778.85,11531.0
2021-06-24 04:00:00,1778.85,1780.01,1772.87,1775.08,25575.0
2021-06-24 08:00:00,1775.08,1782.31,1773.91,1779.7,34252.0
2021-06-24 12:00:00,1779.71,1788.0,1779.46,1783.54,39440.0
2021-06-24 16:00:00,1783.56,1786.78,1775.88,1776.71,53871.0
2021-06-24 20:00:00,1776.72,1777.85,1773.63,1774.97,24668.0
2021-06-25 00:00:00,1774.74,1777.18,1773.68,1774.02,8799.0
2021-06-25 04:00:00,1774.07,1779.65,1773.69,1776.27,23676.0
2021-06-25 08:00:00,1776.28,1783.68,1775.72,1782.67,32073.0
2021-06-25 12:00:00,1782.67,1790.42,1781.31,1785.47,35936.0
2021-06-25 16:00:00,1785.48,1789.63,1776.32,1777.08,59212.0
2021-06-25 20:00:00,1777.1,1781.49,1776.61,1781.15,19522.0
2021-06-28 00:00:00,1780.11,1782.83,1779.94,1780.47,9702.0
2021-06-28 04:00:00,1780.47,1781.63,1770.61,1780.8,35170.0
2021-06-28 08:00:00,1780.81,1785.8,1774.14,1779.22,36474.0
2021-06-28 12:00:00,1779.2,1779.5,1773.45,1777.47,35869.0
2021-06-28 16:00:00,1777.47,1782.94,1776.99,1779.52,51880.0
2021-06-28 20:00:00,1779.53,1780.58,1777.69,1778.27,16575.0
2021-06-29 00:00:00,1777.89,1778.88,1775.25,1775.79,7821.0
2021-06-29 04:00:00,1775.81,1777.64,1773.81,1774.57,23655.0
2021-06-29 08:00:00,1774.57,1778.95,1767.61,1769.43,36167.0
2021-06-29 12:00:00,1769.4,1775.97,1750.64,1754.81,47716.0
2021-06-29 16:00:00,1754.75,1765.92,1751.37,1763.02,62370.0
2021-06-29 20:00:00,1763.02,1765.41,1760.18,1761.0,20226.0
2021-06-30 00:00:00,1761.23,1762.9,1760.82,1762.56,6952.0
2021-06-30 04:00:00,1762.58,1764.66,1757.58,1759.03,25232.0
2021-06-30 08:00:00,1759.03,1761.02,1753.36,1756.58,35042.0
2021-06-30 12:00:00,1756.7,1761.86,1755.08,1757.11,37622.0
2021-06-30 16:00:00,1757.12,1774.37,1754.93,1772.24,61682.0
2021-06-30 20:00:00,1772.2,1772.86,1768.18,1770.01,26132.0
2021-07-01 00:00:00,1769.85,1770.3,1766.32,1766.52,8445.0
2021-07-01 04:00:00,1766.52,1776.64,1765.7,1774.51,26270.0
2021-07-01 08:00:00,1774.51,1779.05,1773.12,1774.48,33346.0
2021-07-01 12:00:00,1774.47,1779.74,1772.45,1777.92,37790.0
2021-07-01 16:00:00,1777.88,1782.82,1768.33,1771.68,60662.0
2021-07-01 20:00:00,1771.67,1776.99,1771.66,1776.6,21898.0
2021-07-02 00:00:00,1776.12,1778.39,1775.0,1777.2,8033.0
2021-07-02 04:00:00,1777.2,1779.82,1776.39,1778.2,21119.0
2021-07-02 08:00:00,1778.19,1784.19,1774.26,1781.94,32061.0
2021-07-02 12:00:00,1781.94,1793.9,1775.86,1789.75,43794.0
2021-07-02 16:00:00,1789.72,1795.05,1778.02,1781.96,60021.0
2021-07-02 20:00:00,1781.96,1791.81,1781.74,1787.33,21134.0
2021-07-05 00:00:00,1786.75,1788.25,1784.47,1785.91,8459.0
2021-07-05 04:00:00,1785.92,1789.92,1785.03,1787.35,23060.0
2021-07-05 08:00:00,1787.37,1794.42,1784.66,1792.73,26971.0
2021-07-05 12:00:00,1792.71,1793.57,1789.23,1791.86,22879.0
2021-07-05 16:00:00,1791.85,1793.22,1789.87,1791.75,20221.0
2021-07-06 00:00:00,1791.72,1792.78,1790.85,1791.88,8278.0
2021-07-06 04:00:00,1791.92,1800.83,1790.97,1800.8,29406.0
2021-07-06 08:00:00,1800.78,1809.14,1800.1,1805.97,36739.0
2021-07-06 12:00:00,1805.93,1815.02,1805.57,1809.13,37615.0
2021-07-06 16:00:00,1809.03,1812.62,1790.08,1794.31,75949.0
2021-07-06 20:00:00,1794.3,1797.74,1793.05,1796.9,22202.0
2021-07-07 00:00:00,1795.48,1796.86,1793.86,1795.26,13179.0
2021-07-07 04:00:00,1795.26,1802.91,1794.45,1797.94,32208.0
2021-07-07 08:00:00,1797.93,1807.66,1797.43,1804.41,38027.0
2021-07-07 12:00:00,1804.42,1809.8,1803.3,1804.42,37582.0
2021-07-07 16:00:00,1804.43,1807.64,1797.0,1801.72,69003.0
2021-07-07 20:00:00,1801.73,1808.25,1800.61,1803.35,32759.0
2021-07-08 00:00:00,1803.52,1805.54,1802.78,1804.45,10632.0
2021-07-08 04:00:00,1804.43,1805.0,1796.26,1797.81,36522.0
2021-07-08 08:00:00,1797.81,1815.12,1796.36,1813.62,58536.0
2021-07-08 12:00:00,1813.68,1818.43,1806.62,1813.52,59380.0
2021-07-08 16:00:00,1813.52,1817.01,1794.0,1797.57,75060.0
2021-07-08 20:00:00,1797.57,1803.77,1796.66,1802.59,25887.0
2021-07-09 00:00:00,1802.13,1804.53,1800.66,1800.72,12075.0
2021-07-09 04:00:00,1800.72,1807.78,1799.32,1801.29,33007.0
2021-07-09 08:00:00,1801.27,1806.02,1796.64,1802.54,43407.0
2021-07-09 12:00:00,1802.56,1805.67,1798.26,1802.42,40209.0
2021-07-09 16:00:00,1802.42,1811.6,1801.13,1810.41,47484.0
2021-07-09 20:00:00,1810.42,1812.4,1807.24,1808.21,18093.0
2021-07-12 00:00:00,1806.65,1809.46,1805.56,1808.91,11057.0
2021-07-12 04:00:00,1808.91,1810.83,1801.94,1803.02,34076.0
2021-07-12 08:00:00,1803.02,1806.24,1798.94,1803.22,34362.0
2021-07-12 12:00:00,1803.22,1805.06,1798.25,1802.77,37252.0
2021-07-12 16:00:00,1802.73,1807.51,1791.67,1805.72,56886.0
2021-07-12 20:00:00,1805.75,1807.55,1804.04,1806.09,21363.0
2021-07-13 00:00:00,1805.92,1808.55,1805.92,1807.33,7612.0
2021-07-13 04:00:00,1807.38,1812.76,1806.75,1809.52,25065.0
2021-07-13 08:00:00,1809.51,1812.38,1805.86,1808.78,32907.0
2021-07-13 12:00:00,1808.76,1817.17,1798.68,1800.3,40607.0
2021-07-13 16:00:00,1800.32,1815.25,1798.99,1811.59,60720.0
2021-07-13 20:00:00,1811.59,1811.67,1805.23,1807.52,35182.0
2021-07-14 00:00:00,1807.08,1808.24,1804.53,1807.39,10464.0
2021-07-14 04:00:00,1807.41,1813.88,1806.88,1811.74,31966.0
2021-07-14 08:00:00,1811.73,1815.37,1809.84,1814.06,36165.0
2021-07-14 12:00:00,1814.06,1829.72,1812.77,1828.66,48573.0
2021-07-14 16:00:00,1828.91,1829.75,1819.52,1821.83,65745.0
2021-07-14 20:00:00,1821.86,1828.25,1821.77,1827.2,27043.0
2021-07-15 00:00:00,1827.17,1828.63,1824.76,1825.01,13671.0
2021-07-15 04:00:00,1825.02,1829.12,1823.64,1826.26,32511.0
2021-07-15 08:00:00,1826.26,1834.05,1825.9,1832.26,43742.0
2021-07-15 12:00:00,1832.26,1833.04,1822.51,1823.34,49360.0
2021-07-15 16:00:00,1823.32,1827.38,1820.26,1827.06,62737.0
2021-07-15 20:00:00,1827.04,1830.26,1826.1,1829.47,33207.0
2021-07-16 00:00:00,1828.73,1832.03,1828.73,1829.32,10335.0
2021-07-16 04:00:00,1829.32,1831.5,1825.68,1826.47,28771.0
2021-07-16 08:00:00,1826.5,1827.28,1820.94,1822.81,37973.0
2021-07-16 12:00:00,1822.8,1825.39,1815.47,1822.99,43764.0
2021-07-16 16:00:00,1823.09,1826.69,1809.62,1815.3,72003.0
2021-07-16 20:00:00,1815.3,1816.48,1809.03,1811.97,25157.0
2021-07-19 00:00:00,1810.06,1817.31,1810.06,1814.87,14429.0
2021-07-19 04:00:00,1814.86,1816.22,1811.12,1812.32,29197.0
2021-07-19 08:00:00,1812.35,1813.25,1802.55,1804.23,43461.0
2021-07-19 12:00:00,1804.23,1810.18,1795.0,1809.16,53048.0
2021-07-19 16:00:00,1809.11,1815.55,1804.85,1808.83,73665.0
2021-07-19 20:00:00,1808.83,1813.28,1806.89,1812.43,27499.0
2021-07-20 00:00:00,1812.2,1814.1,1810.75,1813.4,8305.0
2021-07-20 04:00:00,1813.4,1819.12,1813.2,1817.73,29586.0
2021-07-20 08:00:00,1817.77,1818.17,1811.63,1813.11,34002.0
2021-07-20 12:00:00,1813.09,1824.06,1812.6,1822.81,45594.0
2021-07-20 16:00:00,1822.81,1824.95,1805.07,1811.97,70271.0
2021-07-20 20:00:00,1811.97,1812.01,1808.26,1809.98,20123.0
2021-07-21 00:00:00,1809.82,1811.06,1808.05,1808.75,8441.0
2021-07-21 04:00:00,1808.75,1809.46,1805.14,1808.0,26281.0
2021-07-21 08:00:00,1808.0,1813.74,1803.31,1807.34,41626.0
2021-07-21 12:00:00,1807.33,1808.98,1794.67,1798.78,47065.0
2021-07-21 16:00:00,1798.8,1805.76,1796.89,1803.04,58104.0
2021-07-21 20:00:00,1803.06,1805.42,1801.91,1803.38,19917.0
2021-07-22 00:00:00,1803.25,1804.11,1801.62,1802.32,6072.0
2021-07-22 04:00:00,1802.35,1803.12,1797.27,1799.09,21171.0
2021-07-22 08:00:00,1799.05,1803.34,1792.75,1797.1,37016.0
2021-07-22 12:00:00,1797.12,1806.2,1794.1,1802.93,47094.0
2021-07-22 16:00:00,1802.94,1808.05,1795.92,1805.14,60372.0
2021-07-22 20:00:00,1805.14,1807.92,1804.4,1806.42,19115.0
2021-07-23 00:00:00,1806.93,1808.45,1806.79,1806.94,6233.0
2021-07-23 04:00:00,1806.94,1808.55,1802.26,1803.24,22995.0
2021-07-23 08:00:00,1803.23,1810.29,1801.31,1804.42,36353.0
2021-07-23 12:00:00,1804.4,1805.35,1789.6,1802.97,44388.0
2021-07-23 16:00:00,1803.02,1804.5,1794.93,1802.08,51916.0
2021-07-23 20:00:00,1802.1,1804.66,1800.82,1802.09,15994.0
2021-07-26 00:00:00,1801.85,1802.83,1798.4,1799.38,10256.0
2021-07-26 04:00:00,1799.3,1807.3,1798.57,1806.42,29864.0
2021-07-26 08:00:00,1806.42,1811.47,1804.52,1808.55,42837.0
2021-07-26 12:00:00,1808.55,1809.91,1801.15,1803.21,37870.0
2021-07-26 16:00:00,1803.21,1804.62,1796.75,1799.45,57137.0
2021-07-26 20:00:00,1799.47,1799.98,1796.4,1797.27,16789.0
2021-07-27 00:00:00,1796.66,1798.51,1796.53,1798.49,6960.0
2021-07-27 04:00:00,1798.49,1799.94,1794.69,1798.01,27280.0
2021-07-27 08:00:00,1798.01,1801.18,1793.62,1796.2,40031.0
2021-07-27 12:00:00,1796.2,1805.26,1795.15,1802.9,35790.0
2021-07-27 16:00:00,1802.89,1804.94,1794.63,1799.87,67650.0
2021-07-27 20:00:00,1799.87,1802.11,1798.51,1798.76,21878.0
2021-07-28 00:00:00,1798.38,1800.77,1798.12,1798.74,9515.0
2021-07-28 04:00:00,1798.72,1807.39,1797.99,1804.95,30394.0
2021-07-28 08:00:00,1804.95,1807.06,1799.27,1801.04,32296.0
2021-07-28 12:00:00,1801.05,1801.78,1795.37,1798.87,33645.0
2021-07-28 16:00:00,1798.87,1802.54,1794.6,1802.33,46843.0
2021-07-28 20:00:00,1802.34,1809.79,1792.56,1806.67,47562.0
2021-07-29 00:00:00,1806.23,1810.32,1806.23,1809.58,8000.0
2021-07-29 04:00:00,1809.58,1817.5,1809.53,1815.66,32901.0
2021-07-29 08:00:00,1815.67,1822.14,1815.14,1821.61,37784.0
2021-07-29 12:00:00,1821.61,1828.16,1819.56,1825.75,40970.0
2021-07-29 16:00:00,1825.73,1832.63,1823.36,1831.13,47471.0
2021-07-29 20:00:00,1831.14,1831.7,1827.73,1828.06,20640.0
2021-07-30 00:00:00,1828.1,1831.23,1827.03,1827.42,10684.0
2021-07-30 04:00:00,1827.42,1830.44,1826.71,1827.61,24412.0
2021-07-30 08:00:00,1827.6,1831.34,1825.9,1829.67,28843.0
2021-07-30 12:00:00,1829.68,1829.88,1821.94,1822.86,29510.0
2021-07-30 16:00:00,1822.89,1827.19,1814.2,1814.4,51690.0
2021-07-30 20:00:00,1814.39,1816.52,1810.27,1814.04,21392.0
2021-08-02 00:00:00,1812.5,1816.56,1812.08,1816.54,11217.0
2021-08-02 04:00:00,1816.55,1816.94,1808.48,1810.67,34737.0
2021-08-02 08:00:00,1810.67,1813.34,1806.36,1807.34,36814.0
2021-08-02 12:00:00,1807.35,1811.65,1805.77,1807.32,31050.0
2021-08-02 16:00:00,1807.28,1818.5,1806.13,1817.97,56550.0
2021-08-02 20:00:00,1818.01,1819.53,1812.68,1813.47,18006.0
2021-08-03 00:00:00,1812.75,1813.99,1810.98,1811.37,6867.0
2021-08-03 04:00:00,1811.37,1813.54,1809.41,1811.79,27498.0
2021-08-03 08:00:00,1811.77,1812.1,1808.26,1810.7,33749.0
2021-08-03 12:00:00,1810.71,1813.49,1807.11,1812.78,31402.0
2021-08-03 16:00:00,1812.73,1815.0,1808.72,1810.75,47418.0
2021-08-03 20:00:00,1810.74,1811.62,1809.77,1810.25,11683.0
2021-08-04 00:00:00,1810.39,1811.24,1809.84,1810.51,5052.0
2021-08-04 04:00:00,1810.51,1814.82,1808.95,1812.45,22247.0
2021-08-04 08:00:00,1812.41,1815.16,1811.04,1811.39,24536.0
2021-08-04 12:00:00,1811.37,1828.11,1810.78,1827.41,35725.0
2021-08-04 16:00:00,1827.45,1831.72,1806.47,1811.83,68059.0
2021-08-04 20:00:00,1811.85,1813.12,1810.48,1811.82,17658.0
2021-08-05 00:00:00,1811.21,1812.49,1809.57,1809.8,6286.0
2021-08-05 04:00:00,1809.79,1811.91,1809.04,1811.02,17807.0
2021-08-05 08:00:00,1811.01,1814.6,1808.4,1810.96,30258.0
2021-08-05 12:00:00,1810.96,1814.86,1808.53,1809.21,36832.0
2021-08-05 16:00:00,1809.15,1812.13,1797.81,1806.97,57312.0
2021-08-05 20:00:00,1806.98,1807.34,1803.36,1804.17,15286.0
2021-08-06 00:00:00,1804.14,1804.81,1801.52,1801.89,5732.0
2021-08-06 04:00:00,1801.87,1802.43,1799.05,1800.66,18282.0
2021-08-06 08:00:00,1800.66,1801.99,1796.98,1799.7,26434.0
2021-08-06 12:00:00,1799.67,1801.55,1775.5,1776.55,42648.0
2021-08-06 16:00:00,1776.45,1776.47,1758.69,1759.58,70901.0
2021-08-06 20:00:00,1759.62,1765.73,1759.62,1763.73,23878.0
2021-08-09 00:00:00,1763.54,1764.56,1680.41,1727.63,39203.0
2021-08-09 04:00:00,1727.63,1741.89,1727.62,1738.59,39694.0
2021-08-09 08:00:00,1738.49,1752.61,1737.68,1746.58,44520.0
2021-08-09 12:00:00,1746.58,1748.78,1737.88,1738.44,48667.0
2021-08-09 16:00:00,1738.49,1745.38,1723.8,1726.12,71151.0
2021-08-09 20:00:00,1726.12,1731.66,1724.63,1729.59,24282.0
2021-08-10 00:00:00,1729.33,1733.16,1728.71,1732.46,11662.0
2021-08-10 04:00:00,1732.47,1737.74,1731.02,1735.82,26714.0
2021-08-10 08:00:00,1735.84,1738.28,1728.75,1731.55,35954.0
2021-08-10 12:00:00,1731.56,1733.77,1726.3,1727.63,38429.0
2021-08-10 16:00:00,1727.61,1732.78,1717.76,1729.4,58580.0
2021-08-10 20:00:00,1729.41,1732.09,1728.23,1728.88,18463.0
2021-08-11 00:00:00,1728.89,1729.82,1725.14,1726.25,7858.0
2021-08-11 04:00:00,1726.25,1735.16,1724.04,1732.66,28917.0
2021-08-11 08:00:00,1732.59,1734.58,1729.05,1733.16,32171.0
2021-08-11 12:00:00,1733.16,1747.41,1732.5,1744.22,42507.0
2021-08-11 16:00:00,1744.22,1752.05,1738.69,1749.94,63078.0
2021-08-11 20:00:00,1750.03,1754.39,1748.8,1751.49,31672.0
2021-08-12 00:00:00,1750.86,1753.6,1750.64,1751.26,7942.0
2021-08-12 04:00:00,1751.28,1752.42,1748.9,1751.78,23174.0
2021-08-12 08:00:00,1751.78,1758.15,1750.57,1755.74,34632.0
2021-08-12 12:00:00,1755.77,1756.39,1744.01,1749.2,36362.0
2021-08-12 16:00:00,1749.05,1753.96,1741.61,1751.35,56206.0
2021-08-12 20:00:00,1751.35,1753.89,1749.64,1752.73,19474.0
2021-08-13 00:00:00,1752.3,1754.19,1751.99,1753.1,7411.0
2021-08-13 04:00:00,1753.11,1756.81,1751.69,1755.28,20340.0
2021-08-13 08:00:00,1755.27,1760.3,1754.68,1756.11,32005.0
2021-08-13 12:00:00,1756.08,1763.11,1755.95,1762.96,32573.0
2021-08-13 16:00:00,1762.98,1779.27,1762.27,1776.59,57299.0
2021-08-13 20:00:00,1776.59,1779.92,1775.9,1779.56,18969.0
2021-08-16 00:00:00,1778.02,1780.65,1777.7,1780.64,14160.0
2021-08-16 04:00:00,1780.59,1782.61,1775.57,1777.06,31443.0
2021-08-16 08:00:00,1777.07,1777.42,1771.86,1775.94,40718.0
2021-08-16 12:00:00,1775.95,1781.29,1770.81,1778.1,43968.0
2021-08-16 16:00:00,1778.1,1789.25,1777.59,1786.68,57454.0
2021-08-16 20:00:00,1786.66,1788.43,1785.79,1787.12,18918.0
2021-08-17 00:00:00,1787.3,1788.48,1786.24,1786.85,9405.0
2021-08-17 04:00:00,1786.86,1788.72,1784.45,1786.08,27103.0
2021-08-17 08:00:00,1786.09,1795.37,1786.07,1794.56,39533.0
2021-08-17 12:00:00,1794.57,1795.53,1788.0,1789.59,39009.0
2021-08-17 16:00:00,1789.5,1793.0,1780.58,1782.46,57970.0
2021-08-17 20:00:00,1782.46,1786.32,1782.25,1786.01,21936.0
2021-08-18 00:00:00,1785.63,1786.91,1785.1,1785.87,10286.0
2021-08-18 04:00:00,1785.86,1792.3,1785.46,1789.43,29821.0
2021-08-18 08:00:00,1789.36,1793.78,1786.32,1787.77,31868.0
2021-08-18 12:00:00,1787.76,1791.21,1782.95,1788.28,35574.0
2021-08-18 16:00:00,1788.24,1790.63,1777.35,1783.1,57607.0
2021-08-18 20:00:00,1783.08,1790.41,1780.51,1787.6,38600.0
2021-08-19 00:00:00,1787.37,1788.9,1784.13,1784.45,12017.0
2021-08-19 04:00:00,1784.48,1785.46,1774.52,1777.47,33617.0
2021-08-19 08:00:00,1777.47,1787.79,1775.69,1785.33,49157.0
2021-08-19 12:00:00,1785.32,1790.13,1783.83,1788.84,46032.0
2021-08-19 16:00:00,1788.84,1792.4,1777.18,1782.7,61416.0
2021-08-19 20:00:00,1782.72,1783.02,1776.42,1779.84,23383.0
2021-08-20 00:00:00,1779.75,1781.77,1778.69,1780.95,10137.0
2021-08-20 04:00:00,1781.04,1786.56,1780.86,1785.9,28359.0
2021-08-20 08:00:00,1785.9,1788.38,1780.55,1782.57,36470.0
2021-08-20 12:00:00,1782.58,1786.68,1779.86,1782.11,29047.0
2021-08-20 16:00:00,1782.02,1786.71,1778.34,1783.89,55004.0
2021-08-20 20:00:00,1783.89,1784.45,1780.3,1781.17,14953.0
2021-08-23 00:00:00,1780.21,1782.36,1777.16,1779.11,12848.0
2021-08-23 04:00:00,1779.18,1788.67,1776.45,1787.59,34580.0
2021-08-23 08:00:00,1787.63,1788.7,1784.26,1787.93,33358.0
2021-08-23 12:00:00,1787.94,1800.03,1786.84,1799.87,34189.0
2021-08-23 16:00:00,1799.85,1806.45,1795.52,1803.12,52342.0
2021-08-23 20:00:00,1803.13,1805.51,1802.56,1805.28,17421.0
2021-08-24 00:00:00,1804.97,1805.94,1801.94,1801.99,6783.0
2021-08-24 04:00:00,1802.0,1804.65,1800.78,1801.98,19135.0
2021-08-24 08:00:00,1801.99,1805.08,1800.69,1801.99,30032.0
2021-08-24 12:00:00,1802.0,1809.45,1801.45,1807.91,29277.0
2021-08-24 16:00:00,1807.9,1809.53,1801.55,1806.32,46405.0
2021-08-24 20:00:00,1806.3,1807.0,1802.61,1802.61,11988.0
2021-08-25 00:00:00,1802.47,1803.09,1793.96,1795.92,9357.0
2021-08-25 04:00:00,1795.92,1797.82,1791.75,1794.27,23444.0
2021-08-25 08:00:00,1794.26,1797.49,1791.81,1793.79,28901.0
2021-08-25 12:00:00,1793.76,1797.68,1790.3,1795.7,37012.0
2021-08-25 16:00:00,1795.69,1797.78,1782.5,1789.88,60551.0
2021-08-25 20:00:00,1789.87,1793.0,1788.28,1790.55,16117.0
2021-08-26 00:00:00,1789.86,1792.02,1789.86,1790.21,5188.0
2021-08-26 04:00:00,1790.21,1791.13,1786.72,1787.04,16738.0
2021-08-26 08:00:00,1787.05,1788.28,1783.32,1784.5,29644.0
2021-08-26 12:00:00,1784.5,1790.98,1780.89,1784.22,33264.0
2021-08-26 16:00:00,1784.09,1798.18,1780.07,1792.28,58966.0
2021-08-26 20:00:00,1792.27,1794.22,1790.21,1791.8,18499.0
2021-08-27 00:00:00,1792.08,1794.56,1792.08,1794.04,6568.0
2021-08-27 04:00:00,1794.02,1800.07,1793.56,1800.07,20192.0
2021-08-27 08:00:00,1800.09,1805.13,1794.92,1797.02,29693.0
2021-08-27 12:00:00,1797.02,1800.62,1792.48,1798.54,26273.0
2021-08-27 16:00:00,1798.71,1817.1,1784.49,1816.89,74454.0
2021-08-27 20:00:00,1816.89,1819.27,1815.25,1816.99,19541.0
2021-08-30 00:00:00,1818.11,1821.3,1817.2,1821.02,10780.0
2021-08-30 04:00:00,1821.0,1823.16,1813.38,1816.09,30847.0
2021-08-30 08:00:00,1816.08,1818.15,1812.76,1814.94,26343.0
2021-08-30 12:00:00,1814.98,1817.83,1814.31,1814.59,23062.0
2021-08-30 16:00:00,1814.59,1815.67,1809.12,1810.67,43598.0
2021-08-30 20:00:00,1810.65,1811.31,1807.76,1810.38,12453.0
2021-08-31 00:00:00,1809.23,1812.92,1809.23,1812.59,6386.0
2021-08-31 04:00:00,1812.61,1815.99,1811.61,1814.7,19922.0
2021-08-31 08:00:00,1814.67,1819.18,1813.9,1815.09,28653.0
2021-08-31 12:00:00,1815.12,1817.0,1808.99,1809.49,35416.0
2021-08-31 16:00:00,1809.51,1815.81,1801.63,1814.03,67698.0
2021-08-31 20:00:00,1814.03,1816.43,1813.57,1813.7,21107.0
2021-09-01 00:00:00,1813.38,1814.98,1812.03,1812.22,6856.0
2021-09-01 04:00:00,1812.17,1815.96,1810.37,1815.0,22877.0
2021-09-01 08:00:00,1815.06,1817.01,1809.33,1810.78,31190.0
2021-09-01 12:00:00,1810.78,1820.01,1810.61,1819.36,32080.0
2021-09-01 16:00:00,1819.35,1820.02,1808.67,1813.33,51818.0
2021-09-01 20:00:00,1813.34,1815.14,1811.99,1813.85,11176.0
2021-09-02 00:00:00,1813.65,1815.24,1812.81,1814.4,6223.0
2021-09-02 04:00:00,1814.36,1816.05,1810.7,1810.96,17305.0
2021-09-02 08:00:00,1810.94,1815.9,1810.85,1815.63,20111.0
2021-09-02 12:00:00,1815.63,1817.12,1809.45,1813.74,24360.0
2021-09-02 16:00:00,1813.69,1813.83,1804.92,1809.12,47696.0
2021-09-02 20:00:00,1809.13,1811.08,1807.96,1809.37,12573.0
2021-09-03 00:00:00,1809.14,1811.11,1808.95,1811.0,4684.0
2021-09-03 04:00:00,1811.09,1814.83,1810.57,1811.62,18879.0
2021-09-03 08:00:00,1811.62,1814.4,1810.65,1811.56,19547.0
2021-09-03 12:00:00,1811.58,1829.46,1811.34,1823.44,32635.0
2021-09-03 16:00:00,1823.54,1833.97,1819.26,1830.06,62111.0
2021-09-03 20:00:00,1830.06,1832.82,1827.24,1827.6,14996.0
2021-09-06 00:00:00,1827.4,1830.27,1825.5,1825.71,10022.0
2021-09-06 04:00:00,1825.75,1828.55,1825.19,1826.45,22012.0
2021-09-06 08:00:00,1826.45,1828.32,1823.88,1824.92,21211.0
2021-09-06 12:00:00,1824.92,1825.62,1822.4,1822.42,15805.0
2021-09-06 16:00:00,1822.42,1824.21,1821.42,1823.19,17160.0
2021-09-07 00:00:00,1823.25,1826.27,1821.87,1826.0,7262.0
2021-09-07 04:00:00,1826.02,1827.27,1821.19,1821.53,21399.0
2021-09-07 08:00:00,1821.54,1821.81,1813.15,1814.78,34828.0
2021-09-07 12:00:00,1814.78,1814.88,1808.33,1808.66,39805.0
2021-09-07 16:00:00,1808.63,1815.05,1792.33,1795.95,65138.0
2021-09-07 20:00:00,1795.97,1798.21,1793.11,1794.22,17458.0
2021-09-08 00:00:00,1794.46,1798.73,1794.15,1798.42,7337.0
2021-09-08 04:00:00,1798.44,1801.06,1796.13,1798.25,21259.0
2021-09-08 08:00:00,1798.16,1801.25,1794.26,1798.73,35842.0
2021-09-08 12:00:00,1798.73,1802.19,1796.36,1796.36,33735.0
2021-09-08 16:00:00,1796.35,1797.87,1782.37,1791.02,64206.0
2021-09-08 20:00:00,1791.02,1793.45,1788.56,1789.17,24746.0
2021-09-09 00:00:00,1788.37,1790.92,1788.09,1789.58,9958.0
2021-09-09 04:00:00,1789.62,1790.52,1786.91,1788.11,22829.0
2021-09-09 08:00:00,1788.13,1795.38,1786.81,1794.72,33019.0
2021-09-09 12:00:00,1794.7,1800.91,1791.22,1792.1,41884.0
2021-09-09 16:00:00,1792.17,1799.21,1783.88,1793.83,60522.0
2021-09-09 20:00:00,1793.83,1799.15,1790.9,1794.32,26236.0
2021-09-10 00:00:00,1794.25,1796.22,1792.54,1795.92,10376.0
2021-09-10 04:00:00,1795.92,1799.91,1792.65,1796.49,28026.0
2021-09-10 08:00:00,1796.49,1803.84,1796.22,1801.76,32502.0
2021-09-10 12:00:00,1801.77,1802.36,1792.52,1793.44,36412.0
2021-09-10 16:00:00,1793.32,1796.87,1789.71,1791.66,56691.0
2021-09-10 20:00:00,1791.66,1793.1,1787.21,1787.53,19483.0
2021-09-13 00:00:00,1787.26,1789.51,1785.97,1787.1,10171.0
2021-09-13 04:00:00,1787.09,1792.59,1783.72,1790.99,30837.0
2021-09-13 08:00:00,1790.97,1793.64,1786.94,1790.93,35478.0
2021-09-13 12:00:00,1790.95,1791.71,1785.66,1785.93,35464.0
2021-09-13 16:00:00,1785.93,1798.37,1785.21,1793.72,60257.0
2021-09-13 20:00:00,1793.7,1794.01,1791.03,1793.43,21103.0
2021-09-14 00:00:00,1793.33,1793.63,1790.9,1791.2,5973.0
2021-09-14 04:00:00,1791.22,1792.91,1789.74,1790.95,20714.0
2021-09-14 08:00:00,1790.95,1794.89,1788.13,1788.85,33107.0
2021-09-14 12:00:00,1788.84,1799.06,1780.8,1797.54,43266.0
2021-09-14 16:00:00,1797.53,1808.62,1790.85,1803.63,66958.0
2021-09-14 20:00:00,1803.63,1806.66,1802.95,1804.41,21317.0
2021-09-15 00:00:00,1804.22,1804.69,1802.58,1802.86,7280.0
2021-09-15 04:00:00,1802.85,1804.67,1801.38,1803.36,20933.0
2021-09-15 08:00:00,1803.35,1804.31,1798.97,1800.54,34217.0
2021-09-15 12:00:00,1800.54,1806.92,1794.99,1796.62,37341.0
2021-09-15 16:00:00,1796.58,1800.06,1791.38,1793.21,59000.0
2021-09-15 20:00:00,1793.21,1794.37,1790.75,1793.58,14769.0
2021-09-16 00:00:00,1794.17,1795.67,1793.49,1794.93,11563.0
2021-09-16 04:00:00,1795.04,1796.17,1789.6,1791.02,26621.0
2021-09-16 08:00:00,1791.01,1792.24,1782.78,1784.67,43318.0
2021-09-16 12:00:00,1784.67,1784.7,1760.45,1762.3,56416.0
2021-09-16 16:00:00,1762.25,1762.95,1745.31,1754.93,66649.0
2021-09-16 20:00:00,1754.98,1757.18,1751.58,1753.25,21806.0
2021-09-17 00:00:00,1753.1,1756.4,1752.55,1756.4,8147.0
2021-09-17 04:00:00,1756.39,1760.53,1754.75,1760.45,29070.0
2021-09-17 08:00:00,1760.48,1766.15,1759.87,1765.9,37346.0
2021-09-17 12:00:00,1765.9,1767.48,1752.73,1753.03,43279.0
2021-09-17 16:00:00,1753.0,1756.99,1747.34,1751.48,70900.0
2021-09-17 20:00:00,1751.49,1754.55,1750.07,1754.46,22639.0
2021-09-20 00:00:00,1753.12,1755.22,1751.19,1752.44,11749.0
2021-09-20 04:00:00,1752.47,1752.95,1741.99,1748.54,31254.0
2021-09-20 08:00:00,1748.62,1757.56,1747.73,1757.54,37278.0
2021-09-20 12:00:00,1757.55,1761.22,1754.2,1759.95,40309.0
2021-09-20 16:00:00,1759.97,1767.01,1754.49,1761.56,59233.0
2021-09-20 20:00:00,1761.56,1765.56,1760.87,1764.19,21833.0
2021-09-21 00:00:00,1763.77,1765.55,1762.54,1763.37,8616.0
2021-09-21 04:00:00,1763.37,1766.07,1760.78,1761.27,24139.0
2021-09-21 08:00:00,1761.25,1765.53,1757.93,1764.36,35945.0
2021-09-21 12:00:00,1764.38,1774.99,1763.82,1771.9,40291.0
2021-09-21 16:00:00,1771.9,1781.72,1769.66,1776.7,61472.0
2021-09-21 20:00:00,1776.68,1778.26,1773.87,1774.26,19550.0
2021-09-22 00:00:00,1773.55,1775.49,1772.37,1772.69,8189.0
2021-09-22 04:00:00,1772.69,1779.2,1772.31,1775.88,30821.0
2021-09-22 08:00:00,1775.88,1780.32,1773.75,1775.71,32790.0
2021-09-22 12:00:00,1775.63,1776.89,1771.45,1772.72,28643.0
2021-09-22 16:00:00,1772.76,1779.35,1772.57,1778.1,48897.0
2021-09-22 20:00:00,1778.09,1787.19,1764.67,1768.18,57674.0
2021-09-23 00:00:00,1767.47,1769.46,1764.32,1765.78,10028.0
2021-09-23 04:00:00,1765.73,1765.73,1760.75,1764.48,27425.0
2021-09-23 08:00:00,1764.42,1769.66,1760.28,1768.78,35419.0
2021-09-23 12:00:00,1768.93,1776.58,1762.79,1763.62,51448.0
2021-09-23 16:00:00,1763.61,1764.42,1745.84,1749.78,66712.0
2021-09-23 20:00:00,1749.78,1753.26,1737.92,1742.1,23517.0
2021-09-24 00:00:00,1743.05,1748.81,1743.05,1748.44,10012.0
2021-09-24 04:00:00,1748.44,1752.85,1746.63,1751.32,26681.0
2021-09-24 08:00:00,1751.35,1756.78,1750.28,1755.4,36620.0
2021-09-24 12:00:00,1755.41,1757.66,1744.68,1745.26,37590.0
2021-09-24 16:00:00,1745.34,1753.97,1740.44,1751.11,55693.0
2021-09-24 20:00:00,1751.09,1751.76,1746.02,1750.45,17414.0
2021-09-27 00:00:00,1751.12,1754.56,1748.13,1754.01,11382.0
2021-09-27 04:00:00,1754.01,1760.84,1753.12,1758.98,27482.0
2021-09-27 08:00:00,1758.98,1760.77,1750.08,1750.78,34151.0
2021-09-27 12:00:00,1750.81,1755.12,1744.87,1753.84,39881.0
2021-09-27 16:00:00,1753.84,1757.89,1748.67,1752.25,47171.0
2021-09-27 20:00:00,1752.25,1752.78,1749.86,1749.94,14983.0
2021-09-28 00:00:00,1749.92,1751.69,1749.4,1749.58,6763.0
2021-09-28 04:00:00,1749.56,1754.46,1747.13,1751.22,22286.0
2021-09-28 08:00:00,1751.21,1751.86,1735.9,1742.89,45706.0
2021-09-28 12:00:00,1742.92,1743.84,1728.12,1730.39,50478.0
2021-09-28 16:00:00,1730.36,1741.26,1729.04,1737.86,71102.0
2021-09-28 20:00:00,1737.89,1738.38,1732.8,1733.84,24369.0
2021-09-29 00:00:00,1733.85,1735.87,1733.27,1734.1,7703.0
2021-09-29 04:00:00,1734.1,1741.38,1733.99,1738.18,25851.0
2021-09-29 08:00:00,1738.19,1743.04,1736.73,1743.04,44403.0
2021-09-29 12:00:00,1743.01,1745.52,1737.0,1738.32,34332.0
2021-09-29 16:00:00,1738.4,1740.43,1724.49,1724.65,63990.0
2021-09-29 20:00:00,1724.65,1726.65,1721.63,1726.28,24046.0
2021-09-30 00:00:00,1725.72,1730.59,1725.56,1730.07,7556.0
2021-09-30 04:00:00,1730.28,1734.88,1728.83,1732.71,20288.0
2021-09-30 08:00:00,1732.76,1734.03,1726.25,1732.59,33075.0
2021-09-30 12:00:00,1732.59,1737.84,1722.18,1737.13,38809.0
2021-09-30 16:00:00,1737.14,1764.18,1735.06,1758.23,69877.0
2021-09-30 20:00:00,1758.25,1758.79,1754.58,1756.67,23151.0
2021-10-01 00:00:00,1756.55,1756.78,1751.19,1751.5,10794.0
2021-10-01 04:00:00,1751.49,1756.91,1750.64,1753.62,23373.0
2021-10-01 08:00:00,1753.62,1757.28,1750.92,1752.94,38176.0
2021-10-01 12:00:00,1752.92,1759.85,1749.75,1756.63,41146.0
2021-10-01 16:00:00,1756.58,1764.28,1752.69,1759.4,60294.0
2021-10-01 20:00:00,1759.42,1760.76,1757.25,1760.39,16672.0
2021-10-04 00:00:00,1761.85,1765.71,1760.3,1764.03,14076.0
2021-10-04 04:00:00,1764.05,1765.37,1757.8,1760.59,20653.0
2021-10-04 08:00:00,1760.59,1762.73,1748.78,1751.48,35164.0
2021-10-04 12:00:00,1751.46,1758.33,1747.71,1755.12,34476.0
2021-10-04 16:00:00,1755.1,1770.57,1748.47,1769.03,62867.0
2021-10-04 20:00:00,1768.98,1769.4,1763.63,1769.33,24441.0
2021-10-05 00:00:00,1768.66,1770.06,1765.73,1765.87,10186.0
2021-10-05 04:00:00,1765.87,1766.8,1757.65,1759.09,22559.0
2021-10-05 08:00:00,1759.17,1760.99,1755.28,1755.75,36712.0
2021-10-05 12:00:00,1755.75,1761.43,1753.59,1756.47,34380.0
2021-10-05 16:00:00,1756.48,1761.29,1748.63,1759.86,56511.0
2021-10-05 20:00:00,1759.87,1763.04,1759.01,1759.88,15076.0
2021-10-06 00:00:00,1759.71,1760.19,1757.23,1757.56,8411.0
2021-10-06 04:00:00,1757.56,1758.58,1751.42,1752.62,28975.0
2021-10-06 08:00:00,1752.62,1754.79,1745.85,1747.04,44134.0
2021-10-06 12:00:00,1747.03,1761.2,1746.8,1759.16,49765.0
2021-10-06 16:00:00,1759.17,1764.32,1754.93,1762.42,56471.0
2021-10-06 20:00:00,1762.42,1765.09,1760.4,1762.63,21868.0
2021-10-07 00:00:00,1762.5,1764.26,1762.27,1762.73,10271.0
2021-10-07 04:00:00,1762.73,1763.07,1757.72,1759.04,17335.0
2021-10-07 08:00:00,1759.01,1766.95,1756.02,1760.78,31488.0
2021-10-07 12:00:00,1760.78,1764.72,1754.04,1755.14,34951.0
2021-10-07 16:00:00,1755.14,1763.19,1751.93,1758.15,50275.0
2021-10-07 20:00:00,1758.06,1759.04,1754.25,1755.05,16961.0
2021-10-08 00:00:00,1755.49,1756.43,1753.34,1755.67,7535.0
2021-10-08 04:00:00,1755.79,1760.57,1755.49,1756.62,22620.0
2021-10-08 08:00:00,1756.61,1760.31,1754.39,1755.81,29514.0
2021-10-08 12:00:00,1755.81,1776.8,1755.73,1775.82,40090.0
2021-10-08 16:00:00,1775.83,1781.35,1755.49,1758.48,68129.0
2021-10-08 20:00:00,1758.51,1760.2,1756.0,1757.19,19024.0
2021-10-11 00:00:00,1756.76,1758.23,1750.92,1756.77,16152.0
2021-10-11 04:00:00,1756.83,1761.01,1754.95,1756.77,25182.0
2021-10-11 08:00:00,1756.76,1757.76,1752.89,1753.11,30221.0
2021-10-11 12:00:00,1753.12,1757.96,1750.16,1750.88,32057.0
2021-10-11 16:00:00,1750.89,1760.18,1750.17,1756.44,39292.0
2021-10-11 20:00:00,1756.44,1756.76,1753.25,1754.14,16550.0
2021-10-12 00:00:00,1753.65,1754.56,1751.23,1751.94,8399.0
2021-10-12 04:00:00,1751.93,1758.95,1750.71,1757.67,26830.0
2021-10-12 08:00:00,1757.67,1762.62,1756.43,1757.63,38460.0
2021-10-12 12:00:00,1757.64,1764.98,1753.96,1757.59,39274.0
2021-10-12 16:00:00,1757.6,1769.37,1756.84,1760.81,60535.0
2021-10-12 20:00:00,1760.83,1761.93,1757.87,1759.9,17121.0
2021-10-13 00:00:00,1759.53,1761.68,1759.53,1761.4,7586.0
2021-10-13 04:00:00,1761.49,1763.29,1759.51,1761.59,21894.0
2021-10-13 08:00:00,1761.58,1768.96,1760.77,1766.84,32378.0
2021-10-13 12:00:00,1766.84,1777.49,1758.17,1761.61,42193.0
2021-10-13 16:00:00,1761.62,1796.14,1757.88,1792.58,68659.0
2021-10-13 20:00:00,1792.58,1795.17,1790.67,1793.16,25240.0
2021-10-14 00:00:00,1792.25,1793.73,1791.21,1792.84,7748.0
2021-10-14 04:00:00,1792.83,1793.83,1786.69,1790.83,20243.0
2021-10-14 08:00:00,1790.81,1797.53,1789.86,1796.07,33009.0
2021-10-14 12:00:00,1796.13,1800.57,1793.79,1799.02,40699.0
2021-10-14 16:00:00,1799.08,1799.58,1793.95,1796.8,44270.0
2021-10-14 20:00:00,1796.8,1799.15,1795.67,1795.67,11947.0
2021-10-15 00:00:00,1795.5,1796.39,1794.19,1794.62,7045.0
2021-10-15 04:00:00,1794.62,1796.46,1793.76,1794.25,19601.0
2021-10-15 08:00:00,1794.27,1794.5,1785.47,1786.03,32107.0
2021-10-15 12:00:00,1786.04,1787.46,1764.84,1767.35,46100.0
2021-10-15 16:00:00,1767.35,1776.38,1765.94,1767.77,58605.0
2021-10-15 20:00:00,1767.8,1769.11,1766.72,1767.47,16500.0
2021-10-18 00:00:00,1766.27,1772.05,1764.73,1771.34,15239.0
2021-10-18 04:00:00,1771.35,1772.06,1766.61,1768.21,24649.0
2021-10-18 08:00:00,1768.21,1769.5,1761.2,1762.73,43119.0
2021-10-18 12:00:00,1762.74,1768.49,1760.28,1765.21,49223.0
2021-10-18 16:00:00,1765.17,1771.23,1762.76,1766.74,52767.0
2021-10-18 20:00:00,1766.74,1767.88,1763.91,1764.72,12521.0
2021-10-19 00:00:00,1764.08,1767.47,1762.94,1767.43,7524.0
2021-10-19 04:00:00,1767.44,1775.81,1766.97,1774.56,20782.0
2021-10-19 08:00:00,1774.56,1783.0,1773.73,1781.42,33121.0
2021-10-19 12:00:00,1781.38,1784.54,1775.88,1781.57,39837.0
2021-10-19 16:00:00,1781.63,1785.12,1767.13,1769.5,59912.0
2021-10-19 20:00:00,1769.48,1771.15,1768.11,1769.35,15150.0
2021-10-20 00:00:00,1768.93,1769.89,1766.84,1769.13,9482.0
2021-10-20 04:00:00,1768.92,1774.61,1767.73,1774.17,21979.0
2021-10-20 08:00:00,1774.17,1779.32,1773.44,1779.06,37487.0
2021-10-20 12:00:00,1779.06,1788.42,1777.77,1786.68,35718.0
2021-10-20 16:00:00,1786.6,1787.52,1774.86,1786.73,48836.0
2021-10-20 20:00:00,1786.73,1787.61,1780.83,1781.82,22327.0
2021-10-21 00:00:00,1781.85,1784.72,1781.24,1783.9,8485.0
2021-10-21 04:00:00,1783.9,1789.34,1782.24,1784.65,32010.0
2021-10-21 08:00:00,1784.69,1787.58,1780.85,1786.0,40324.0
2021-10-21 12:00:00,1786.0,1787.92,1776.48,1782.81,42542.0
2021-10-21 16:00:00,1782.86,1785.9,1778.38,1780.47,51873.0
2021-10-21 20:00:00,1780.48,1784.87,1778.55,1782.79,19903.0
2021-10-22 00:00:00,1782.19,1786.32,1782.19,1785.17,9741.0
2021-10-22 04:00:00,1785.18,1788.1,1784.45,1786.37,26793.0
2021-10-22 08:00:00,1786.4,1794.76,1786.09,1791.05,40549.0
2021-10-22 12:00:00,1791.07,1806.88,1790.48,1805.75,37755.0
2021-10-22 16:00:00,1805.76,1813.81,1782.87,1797.35,73816.0
2021-10-22 20:00:00,1797.36,1798.57,1791.28,1792.88,23977.0
2021-10-25 00:00:00,1791.82,1797.75,1791.82,1797.09,12498.0
2021-10-25 04:00:00,1797.1,1801.16,1792.26,1800.56,30302.0
2021-10-25 08:00:00,1800.53,1803.63,1796.04,1803.14,37392.0
2021-10-25 12:00:00,1803.13,1804.71,1798.53,1803.18,32052.0
2021-10-25 16:00:00,1803.21,1810.04,1801.64,1806.94,46017.0
2021-10-25 20:00:00,1806.94,1808.38,1805.13,1807.6,14247.0
2021-10-26 00:00:00,1807.52,1808.35,1805.34,1805.36,6084.0
2021-10-26 04:00:00,1805.37,1806.85,1801.82,1803.45,19808.0
2021-10-26 08:00:00,1803.49,1806.54,1799.94,1802.33,34400.0
2021-10-26 12:00:00,1802.33,1804.62,1794.26,1799.35,35742.0
2021-10-26 16:00:00,1799.38,1800.91,1782.36,1792.01,56699.0
2021-10-26 20:00:00,1792.02,1795.09,1790.49,1792.67,16007.0
2021-10-27 00:00:00,1792.17,1794.36,1791.79,1791.9,9113.0
2021-10-27 04:00:00,1791.94,1793.27,1787.14,1789.17,24256.0
2021-10-27 08:00:00,1789.18,1791.69,1783.48,1786.51,36714.0
2021-10-27 12:00:00,1786.53,1796.04,1783.8,1794.09,40984.0
2021-10-27 16:00:00,1794.09,1798.21,1784.81,1794.68,62806.0
2021-10-27 20:00:00,1794.68,1799.04,1793.9,1796.72,24344.0
2021-10-28 00:00:00,1796.4,1798.05,1794.3,1794.73,9424.0
2021-10-28 04:00:00,1794.75,1803.21,1794.12,1800.89,24642.0
2021-10-28 08:00:00,1800.89,1804.11,1799.78,1800.79,32610.0
2021-10-28 12:00:00,1800.81,1806.76,1795.75,1799.06,40824.0
2021-10-28 16:00:00,1799.07,1810.43,1792.3,1800.81,66372.0
2021-10-28 20:00:00,1800.83,1802.23,1797.66,1798.73,18808.0
2021-10-29 00:00:00,1797.75,1801.17,1797.57,1798.03,13845.0
2021-10-29 04:00:00,1798.02,1799.64,1793.63,1794.35,27643.0
2021-10-29 08:00:00,1794.35,1798.19,1790.89,1792.75,41626.0
2021-10-29 12:00:00,1792.85,1799.14,1775.94,1780.35,47251.0
2021-10-29 16:00:00,1780.36,1783.28,1771.9,1778.08,71705.0
2021-10-29 20:00:00,1778.08,1783.67,1778.01,1783.24,26506.0
2021-11-01 00:00:00,1782.68,1783.73,1779.11,1781.58,9933.0
2021-11-01 04:00:00,1781.6,1787.34,1780.26,1783.73,23434.0
2021-11-01 08:00:00,1783.73,1787.76,1780.97,1784.21,34412.0
2021-11-01 12:00:00,1784.21,1790.76,1782.56,1789.25,40199.0
2021-11-01 16:00:00,1789.26,1795.8,1785.66,1791.99,55910.0
2021-11-01 20:00:00,1791.95,1795.11,1791.1,1793.1,20127.0
2021-11-02 00:00:00,1792.41,1793.2,1790.7,1791.33,5339.0
2021-11-02 04:00:00,1791.35,1794.41,1789.24,1794.02,17558.0
2021-11-02 08:00:00,1794.04,1796.38,1790.81,1794.75,27555.0
2021-11-02 12:00:00,1794.76,1795.55,1788.22,1791.09,28804.0
2021-11-02 16:00:00,1791.09,1793.43,1786.48,1788.39,39588.0
2021-11-02 20:00:00,1788.36,1789.41,1786.4,1787.74,11954.0
2021-11-03 00:00:00,1787.31,1788.27,1782.51,1787.01,4735.0
2021-11-03 04:00:00,1787.01,1787.01,1779.25,1781.03,17614.0
2021-11-03 08:00:00,1781.02,1783.9,1778.22,1781.7,25942.0
2021-11-03 12:00:00,1781.71,1785.64,1774.42,1775.81,40414.0
2021-11-03 16:00:00,1775.82,1777.27,1758.8,1762.06,63182.0
2021-11-03 20:00:00,1762.03,1775.04,1761.61,1769.71,51838.0
2021-11-04 00:00:00,1769.39,1778.17,1768.85,1775.77,8804.0
2021-11-04 04:00:00,1775.77,1778.26,1773.44,1774.68,20039.0
2021-11-04 08:00:00,1774.71,1777.54,1770.8,1776.42,30044.0
2021-11-04 12:00:00,1776.43,1792.93,1775.23,1792.62,44584.0
2021-11-04 16:00:00,1792.63,1798.89,1790.84,1792.39,62631.0
2021-11-04 20:00:00,1792.39,1794.1,1791.06,1791.76,21507.0
2021-11-05 00:00:00,1791.14,1793.39,1790.08,1791.33,8032.0
2021-11-05 04:00:00,1791.35,1796.11,1791.33,1795.64,24642.0
2021-11-05 08:00:00,1795.66,1800.11,1794.09,1796.34,31068.0
2021-11-05 12:00:00,1796.36,1797.42,1784.98,1790.96,43627.0
2021-11-05 16:00:00,1790.96,1815.47,1790.64,1814.06,76963.0
2021-11-05 20:00:00,1814.05,1818.24,1812.4,1818.09,26452.0
2021-11-08 00:00:00,1818.33,1821.08,1812.93,1816.6,22130.0
2021-11-08 04:00:00,1816.61,1821.24,1816.61,1821.03,25241.0
2021-11-08 08:00:00,1821.03,1821.48,1812.42,1815.97,35429.0
2021-11-08 12:00:00,1815.96,1824.23,1814.96,1821.72,35745.0
2021-11-08 16:00:00,1821.78,1826.11,1819.12,1823.43,49121.0
2021-11-08 20:00:00,1823.44,1826.48,1822.88,1823.94,17867.0
2021-11-09 00:00:00,1823.37,1827.22,1823.37,1824.83,13378.0
2021-11-09 04:00:00,1824.85,1826.59,1821.86,1824.69,26826.0
2021-11-09 08:00:00,1824.69,1827.14,1819.14,1825.4,34649.0
2021-11-09 12:00:00,1825.41,1830.18,1822.77,1829.91,44931.0
2021-11-09 16:00:00,1829.91,1831.31,1820.31,1830.88,57648.0
2021-11-09 20:00:00,1830.89,1832.75,1826.97,1831.72,21812.0
2021-11-10 00:00:00,1831.67,1832.45,1827.38,1827.68,15032.0
2021-11-10 04:00:00,1827.68,1830.24,1824.32,1825.78,22194.0
2021-11-10 08:00:00,1825.78,1827.16,1822.97,1825.14,31855.0
2021-11-10 12:00:00,1825.15,1851.76,1822.3,1849.71,42589.0
2021-11-10 16:00:00,1849.7,1868.5,1848.23,1849.66,74641.0
2021-11-10 20:00:00,1849.65,1852.81,1841.46,1849.19,36959.0
2021-11-11 00:00:00,1849.05,1852.57,1845.16,1845.52,17921.0
2021-11-11 04:00:00,1845.52,1855.41,1842.89,1853.82,31358.0
2021-11-11 08:00:00,1853.81,1864.34,1851.81,1861.99,38499.0
2021-11-11 12:00:00,1861.98,1865.97,1854.93,1863.46,44673.0
2021-11-11 16:00:00,1863.43,1864.4,1858.9,1862.3,43557.0
2021-11-11 20:00:00,1862.3,1863.35,1860.43,1861.95,13457.0
2021-11-12 00:00:00,1861.85,1862.6,1857.77,1859.18,17671.0
2021-11-12 04:00:00,1859.17,1860.33,1855.08,1859.91,25539.0
2021-11-12 08:00:00,1859.88,1860.13,1849.43,1853.06,36698.0
2021-11-12 12:00:00,1853.06,1858.65,1845.22,1854.4,44963.0
2021-11-12 16:00:00,1854.44,1865.98,1853.85,1864.74,54781.0
2021-11-12 20:00:00,1864.76,1868.63,1862.56,1864.41,23009.0
2021-11-15 00:00:00,1868.9,1868.9,1857.23,1860.51,23237.0
2021-11-15 04:00:00,1860.49,1862.3,1856.48,1858.9,27269.0
2021-11-15 08:00:00,1858.89,1863.49,1856.31,1862.34,30272.0
2021-11-15 12:00:00,1862.34,1870.49,1860.58,1864.23,37866.0
2021-11-15 16:00:00,1864.25,1865.19,1858.25,1863.39,47472.0
2021-11-15 20:00:00,1863.38,1867.87,1862.07,1862.58,17364.0
2021-11-16 00:00:00,1862.6,1865.96,1861.87,1865.93,13343.0
2021-11-16 04:00:00,1865.92,1868.87,1863.95,1866.59,29414.0
2021-11-16 08:00:00,1866.59,1874.86,1862.26,1873.27,36943.0
2021-11-16 12:00:00,1873.22,1877.18,1865.45,1867.01,44495.0
2021-11-16 16:00:00,1867.04,1869.04,1851.74,1852.17,61380.0
2021-11-16 20:00:00,1852.16,1854.48,1849.69,1850.31,23287.0
2021-11-17 00:00:00,1850.17,1856.04,1848.83,1855.66,20214.0
2021-11-17 04:00:00,1855.68,1856.07,1851.94,1852.39,34727.0
2021-11-17 08:00:00,1852.31,1861.37,1852.31,1859.34,33936.0
2021-11-17 12:00:00,1859.31,1865.65,1857.92,1862.12,41914.0
2021-11-17 16:00:00,1862.17,1868.0,1860.28,1865.47,44434.0
2021-11-17 20:00:00,1865.46,1868.04,1862.75,1867.22,17614.0
2021-11-18 00:00:00,1866.81,1870.95,1866.04,1868.18,14145.0
2021-11-18 04:00:00,1868.18,1869.94,1864.19,1866.52,30535.0
2021-11-18 08:00:00,1866.51,1869.73,1862.58,1864.33,35772.0
2021-11-18 12:00:00,1864.37,1866.93,1855.08,1864.36,44033.0
2021-11-18 16:00:00,1864.36,1865.53,1857.63,1860.88,48995.0
2021-11-18 20:00:00,1860.88,1861.02,1856.79,1858.73,15657.0
2021-11-19 00:00:00,1858.3,1862.1,1857.98,1861.45,12830.0
2021-11-19 04:00:00,1861.5,1863.73,1860.44,1860.98,14430.0
2021-11-19 08:00:00,1860.96,1864.13,1851.55,1864.03,34371.0
2021-11-19 12:00:00,1864.1,1864.85,1857.82,1860.1,39332.0
2021-11-19 16:00:00,1860.11,1865.74,1843.0,1847.01,56349.0
2021-11-19 20:00:00,1847.0,1850.55,1844.46,1846.16,25334.0
2021-11-22 00:00:00,1846.59,1848.48,1838.66,1845.77,19916.0
2021-11-22 04:00:00,1845.78,1849.06,1844.49,1846.73,18110.0
2021-11-22 08:00:00,1846.75,1847.05,1840.18,1845.07,32057.0
2021-11-22 12:00:00,1845.06,1845.66,1834.98,1837.93,37316.0
2021-11-22 16:00:00,1838.0,1838.56,1806.81,1808.45,68600.0
2021-11-22 20:00:00,1808.45,1808.46,1802.26,1804.75,29888.0
2021-11-23 00:00:00,1804.55,1812.39,1804.55,1811.31,16471.0
2021-11-23 04:00:00,1811.32,1811.36,1806.54,1808.13,22914.0
2021-11-23 08:00:00,1808.14,1809.87,1792.69,1797.72,54996.0
2021-11-23 12:00:00,1797.73,1799.16,1784.22,1786.06,50659.0
2021-11-23 16:00:00,1786.14,1793.2,1781.96,1784.32,59019.0
2021-11-23 20:00:00,1784.31,1791.85,1781.99,1788.87,31151.0
2021-11-24 00:00:00,1788.32,1796.09,1788.32,1795.01,18868.0
2021-11-24 04:00:00,1794.98,1795.83,1792.64,1795.58,24481.0
2021-11-24 08:00:00,1795.58,1796.38,1790.37,1792.03,37736.0
2021-11-24 12:00:00,1792.03,1792.83,1781.81,1784.55,47528.0
2021-11-24 16:00:00,1784.62,1791.34,1778.51,1785.4,62928.0
2021-11-24 20:00:00,1785.4,1789.5,1782.5,1788.29,24361.0
2021-11-25 00:00:00,1788.1,1793.28,1785.99,1791.86,16876.0
2021-11-25 04:00:00,1791.87,1794.27,1791.4,1792.87,18116.0
2021-11-25 08:00:00,1792.87,1795.12,1791.95,1793.01,25021.0
2021-11-25 12:00:00,1793.0,1793.02,1789.4,1791.19,26588.0
2021-11-25 16:00:00,1791.19,1792.15,1787.85,1788.36,23408.0
2021-11-25 20:00:00,1788.26,1788.58,1787.95,1788.58,152.0
2021-11-26 00:00:00,1788.55,1794.31,1787.81,1792.42,22782.0
2021-11-26 04:00:00,1792.43,1799.19,1791.79,1797.44,39001.0
2021-11-26 08:00:00,1797.44,1809.81,1797.4,1809.76,64694.0
2021-11-26 12:00:00,1809.76,1815.5,1798.97,1805.58,59422.0
2021-11-26 16:00:00,1805.61,1808.04,1780.38,1785.7,73406.0
2021-11-26 20:00:00,1785.7,1792.89,1784.03,1791.6,3974.0
2021-11-29 00:00:00,1788.59,1795.96,1779.13,1795.26,25008.0
2021-11-29 04:00:00,1795.24,1796.66,1791.2,1795.85,35860.0
2021-11-29 08:00:00,1795.85,1799.38,1792.0,1799.26,48512.0
2021-11-29 12:00:00,1799.27,1799.38,1786.81,1786.87,44968.0
2021-11-29 16:00:00,1786.91,1789.97,1782.45,1784.13,59528.0
2021-11-29 20:00:00,1784.11,1785.71,1781.19,1784.45,25319.0
2021-11-30 00:00:00,1783.27,1789.06,1783.0,1788.49,18676.0
2021-11-30 04:00:00,1788.46,1795.91,1787.74,1795.85,36940.0
2021-11-30 08:00:00,1795.84,1798.49,1789.96,1797.03,60755.0
2021-11-30 12:00:00,1797.07,1797.87,1789.09,1795.71,48406.0
2021-11-30 16:00:00,1795.71,1808.74,1769.85,1774.33,88407.0
2021-11-30 20:00:00,1774.32,1777.75,1770.87,1774.64,38268.0
2021-12-01 00:00:00,1775.15,1778.47,1772.19,1775.28,23506.0
2021-12-01 04:00:00,1775.31,1794.55,1775.08,1790.6,28044.0
2021-12-01 08:00:00,1790.55,1792.08,1776.64,1782.9,51751.0
2021-12-01 12:00:00,1782.91,1790.48,1781.91,1788.06,40897.0
2021-12-01 16:00:00,1788.07,1792.17,1781.38,1784.1,67375.0
2021-12-01 20:00:00,1784.08,1784.14,1777.36,1781.41,44970.0
2021-12-02 00:00:00,1781.75,1783.37,1779.56,1780.13,20857.0
2021-12-02 04:00:00,1780.14,1781.92,1775.17,1776.1,31465.0
2021-12-02 08:00:00,1776.08,1778.86,1767.5,1773.2,41771.0
2021-12-02 12:00:00,1773.21,1781.22,1772.62,1774.46,48671.0
2021-12-02 16:00:00,1774.44,1779.02,1762.42,1763.37,77617.0
2021-12-02 20:00:00,1763.36,1769.3,1761.89,1768.02,30477.0
2021-12-03 00:00:00,1767.83,1771.92,1767.54,1770.57,17518.0
2021-12-03 04:00:00,1770.54,1776.47,1769.89,1776.0,26483.0
2021-12-03 08:00:00,1776.0,1776.03,1766.11,1768.97,35292.0
2021-12-03 12:00:00,1768.96,1778.61,1766.42,1770.06,48511.0
2021-12-03 16:00:00,1770.08,1782.36,1766.25,1780.5,81538.0
2021-12-03 20:00:00,1780.5,1786.07,1779.46,1783.43,38724.0
2021-12-06 00:00:00,1784.48,1786.59,1780.67,1786.16,18369.0
2021-12-06 04:00:00,1786.15,1787.74,1781.12,1783.31,21983.0
2021-12-06 08:00:00,1783.3,1786.1,1777.76,1779.75,37320.0
2021-12-06 12:00:00,1779.77,1782.92,1776.55,1779.13,38498.0
2021-12-06 16:00:00,1778.84,1784.98,1775.7,1780.84,49892.0
2021-12-06 20:00:00,1780.86,1781.24,1777.78,1778.62,23843.0
2021-12-07 00:00:00,1778.1,1781.99,1776.81,1779.04,12787.0
2021-12-07 04:00:00,1779.04,1781.39,1776.87,1781.01,25115.0
2021-12-07 08:00:00,1781.0,1784.59,1777.4,1781.2,35820.0
2021-12-07 12:00:00,1781.17,1784.69,1772.19,1775.28,40483.0
2021-12-07 16:00:00,1775.31,1787.78,1773.69,1783.05,54583.0
2021-12-07 20:00:00,1783.08,1786.37,1782.2,1784.09,22418.0
2021-12-08 00:00:00,1784.0,1787.37,1782.85,1786.72,13144.0
2021-12-08 04:00:00,1786.73,1790.81,1786.71,1790.73,26591.0
2021-12-08 08:00:00,1790.73,1791.59,1785.78,1789.63,33101.0
2021-12-08 12:00:00,1789.62,1793.07,1781.62,1783.27,54012.0
2021-12-08 16:00:00,1783.29,1785.06,1779.59,1784.36,53612.0
2021-12-08 20:00:00,1784.39,1786.82,1782.28,1782.81,25540.0
2021-12-09 00:00:00,1782.33,1785.49,1782.14,1784.41,11162.0
2021-12-09 04:00:00,1784.41,1787.1,1782.16,1785.65,19883.0
2021-12-09 08:00:00,1785.66,1787.68,1781.92,1782.83,29988.0
2021-12-09 12:00:00,1782.88,1784.14,1773.8,1777.66,42194.0
2021-12-09 16:00:00,1777.65,1783.08,1773.91,1777.01,44867.0
2021-12-09 20:00:00,1777.01,1778.29,1773.05,1774.86,19636.0
2021-12-10 00:00:00,1774.8,1779.1,1774.67,1778.29,11082.0
2021-12-10 04:00:00,1778.25,1779.64,1776.99,1777.05,20529.0
2021-12-10 08:00:00,1777.06,1777.53,1770.1,1770.8,33282.0
2021-12-10 12:00:00,1770.81,1785.28,1770.34,1784.16,38468.0
2021-12-10 16:00:00,1784.12,1789.48,1778.76,1783.44,54889.0
2021-12-10 20:00:00,1783.46,1785.02,1781.39,1782.75,17488.0
2021-12-13 00:00:00,1781.94,1786.88,1781.74,1786.75,14042.0
2021-12-13 04:00:00,1786.75,1788.25,1784.44,1784.92,17312.0
2021-12-13 08:00:00,1784.94,1787.87,1783.32,1785.45,27070.0
2021-12-13 12:00:00,1785.41,1791.58,1782.07,1783.17,33376.0
2021-12-13 16:00:00,1783.11,1790.13,1781.78,1788.27,41430.0
2021-12-13 20:00:00,1788.33,1788.77,1786.3,1786.39,16756.0
2021-12-14 00:00:00,1786.49,1788.85,1784.85,1788.39,11665.0
2021-12-14 04:00:00,1788.38,1789.54,1785.34,1787.26,18391.0
2021-12-14 08:00:00,1787.26,1788.43,1782.01,1783.73,25246.0
2021-12-14 12:00:00,1783.74,1785.67,1771.56,1772.18,35214.0
2021-12-14 16:00:00,1772.18,1778.26,1766.46,1772.53,55780.0
2021-12-14 20:00:00,1772.55,1773.19,1770.29,1770.57,21366.0
2021-12-15 00:00:00,1769.69,1773.85,1769.69,1772.71,10771.0
2021-12-15 04:00:00,1772.7,1773.03,1768.17,1769.32,20152.0
2021-12-15 08:00:00,1769.32,1771.34,1766.78,1769.51,27357.0
2021-12-15 12:00:00,1769.51,1773.65,1767.7,1771.96,31554.0
2021-12-15 16:00:00,1771.95,1772.47,1764.29,1765.68,46177.0
2021-12-15 20:00:00,1765.68,1780.87,1752.53,1776.74,57879.0
2021-12-16 00:00:00,1776.7,1782.69,1775.56,1782.66,19513.0
2021-12-16 04:00:00,1782.68,1784.2,1780.96,1783.61,20987.0
2021-12-16 08:00:00,1783.62,1787.04,1783.47,1785.54,29466.0
2021-12-16 12:00:00,1785.53,1790.03,1782.19,1789.06,43801.0
2021-12-16 16:00:00,1789.04,1798.97,1786.97,1797.27,57857.0
2021-12-16 20:00:00,1797.2,1799.66,1794.98,1799.22,25339.0
2021-12-17 00:00:00,1798.81,1802.74,1797.23,1802.32,15353.0
2021-12-17 04:00:00,1802.31,1805.47,1801.44,1805.11,28382.0
2021-12-17 08:00:00,1805.1,1809.94,1804.71,1806.67,32256.0
2021-12-17 12:00:00,1806.67,1814.23,1804.63,1806.71,37816.0
2021-12-17 16:00:00,1806.71,1809.78,1802.3,1804.81,49427.0
2021-12-17 20:00:00,1804.81,1804.95,1795.83,1797.95,24359.0
2021-12-20 00:00:00,1799.37,1802.54,1798.57,1801.05,20693.0
2021-12-20 04:00:00,1801.05,1803.69,1800.23,1802.88,20467.0
2021-12-20 08:00:00,1802.87,1804.13,1797.36,1799.64,33429.0
2021-12-20 12:00:00,1799.65,1800.18,1794.24,1796.27,34496.0
2021-12-20 16:00:00,1796.28,1798.16,1791.69,1794.82,51504.0
2021-12-20 20:00:00,1794.82,1795.3,1788.32,1790.88,25082.0
2021-12-21 00:00:00,1790.4,1792.28,1789.26,1790.14,14350.0
2021-12-21 04:00:00,1790.15,1793.41,1789.65,1792.7,15625.0
2021-12-21 08:00:00,1792.69,1798.26,1788.86,1797.95,29707.0
2021-12-21 12:00:00,1797.95,1800.43,1795.45,1798.03,29718.0
2021-12-21 16:00:00,1797.97,1798.36,1784.84,1787.45,47860.0
2021-12-21 20:00:00,1787.46,1789.63,1786.6,1789.15,19843.0
2021-12-22 00:00:00,1787.99,1791.21,1787.99,1789.5,11355.0
2021-12-22 04:00:00,1789.62,1790.67,1787.41,1787.74,12173.0
2021-12-22 08:00:00,1787.74,1789.77,1785.87,1788.41,22937.0
2021-12-22 12:00:00,1788.42,1794.71,1788.34,1794.52,30999.0
2021-12-22 16:00:00,1794.51,1799.9,1788.85,1799.51,41579.0
2021-12-22 20:00:00,1799.53,1805.0,1799.28,1803.46,18194.0
2021-12-23 00:00:00,1803.25,1807.17,1803.11,1807.08,12247.0
2021-12-23 04:00:00,1807.1,1808.43,1805.04,1806.16,13587.0
2021-12-23 08:00:00,1806.17,1808.03,1804.8,1807.03,20582.0
2021-12-23 12:00:00,1807.02,1810.0,1803.35,1807.32,28052.0
2021-12-23 16:00:00,1807.32,1808.95,1798.87,1808.38,42077.0
2021-12-23 20:00:00,1808.38,1810.72,1807.47,1808.3,12000.0
2021-12-27 00:00:00,1807.8,1811.9,1805.75,1810.88,12046.0
2021-12-27 04:00:00,1810.87,1811.33,1808.62,1809.68,13689.0
2021-12-27 08:00:00,1809.67,1810.17,1805.06,1806.44,19663.0
2021-12-27 12:00:00,1806.45,1809.19,1802.97,1808.55,21887.0
2021-12-27 16:00:00,1808.56,1813.46,1807.31,1808.22,37959.0
2021-12-27 20:00:00,1808.18,1812.65,1806.67,1811.85,15343.0
2021-12-28 00:00:00,1811.9,1812.62,1809.55,1810.14,9681.0
2021-12-28 04:00:00,1810.14,1813.53,1808.49,1812.92,11859.0
2021-12-28 08:00:00,1812.91,1816.05,1812.46,1815.33,19491.0
2021-12-28 12:00:00,1815.35,1820.18,1815.07,1817.87,23966.0
2021-12-28 16:00:00,1817.88,1818.48,1809.33,1810.35,42056.0
2021-12-28 20:00:00,1810.32,1811.29,1805.0,1806.03,18351.0
2021-12-29 00:00:00,1806.22,1807.1,1804.05,1805.82,13722.0
2021-12-29 04:00:00,1805.82,1807.68,1804.93,1806.66,13927.0
2021-12-29 08:00:00,1806.66,1807.44,1802.15,1802.73,19035.0
2021-12-29 12:00:00,1802.73,1802.74,1789.39,1789.94,36756.0
2021-12-29 16:00:00,1789.94,1804.67,1789.61,1804.0,48158.0
2021-12-29 20:00:00,1804.01,1805.69,1802.23,1804.22,16122.0
2021-12-30 00:00:00,1804.3,1805.55,1801.25,1803.36,10985.0
2021-12-30 04:00:00,1803.36,1803.61,1798.29,1798.5,13277.0
2021-12-30 08:00:00,1798.5,1802.18,1796.15,1800.12,21903.0
2021-12-30 12:00:00,1800.16,1804.67,1798.79,1802.86,25341.0
2021-12-30 16:00:00,1802.89,1814.16,1800.87,1813.49,41508.0
2021-12-30 20:00:00,1813.52,1817.18,1812.82,1814.39,14525.0
2021-12-31 00:00:00,1813.92,1819.04,1813.92,1816.56,9832.0
2021-12-31 04:00:00,1816.57,1819.23,1814.72,1818.65,11821.0
2021-12-31 08:00:00,1818.56,1820.23,1815.11,1818.07,16775.0
2021-12-31 12:00:00,1818.06,1827.49,1817.93,1824.32,24639.0
2021-12-31 16:00:00,1824.24,1827.4,1820.27,1826.59,40117.0
2021-12-31 20:00:00,1826.52,1830.3,1824.68,1829.21,16455.0
